player_name,transfer_date,from_club_name,to_club_name,transfer_fee,position,Activity
Abdukodir Khusanov,2025-01-20,Lens,Man City,40000000.0,Defender,Movimiento a Man City
Abel Ruiz,2024-07-01,Braga,Girona,9000000.0,Attack,Movimiento a Girona
Aiden O'Neill,2020-09-09,Burnley,Melbourne City,0.0,Midfield,Movimiento a Melbourne City
Aiden O'Neill,2023-07-01,Melbourne City,Standard Liège,0.0,Midfield,Movimiento a Standard Liège
Akeem Gerald,2025-09-19,M. City U21,Melbourne City,,Attack,Movimiento a Melbourne City
Alberto Brignoli,2018-07-25,Juventus,US Palermo,1000000.0,Goalkeeper,Movimiento a US Palermo
Alberto Brignoli,2019-07-18,Palermo,FC Empoli,0.0,Goalkeeper,Movimiento a FC Empoli
Aleix García,2016-07-01,Man City U23,Man City,,Midfield,Movimiento a Man City
Aleix García,2017-08-01,Man City,Girona,0.0,Midfield,Movimiento a Girona
Aleix García,2019-06-30,Girona,Man City,0.0,Midfield,Movimiento a Man City
Aleix García,2019-09-02,Man City,Mouscron,0.0,Midfield,Movimiento a Mouscron
Aleix García,2020-06-30,Mouscron,Man City,0.0,Midfield,Movimiento a Man City
Aleix García,2020-10-05,Man City,FC Dinamo,0.0,Midfield,Movimiento a FC Dinamo
Aleix García,2021-07-23,SD Eibar,Girona,0.0,Midfield,Movimiento a Girona
Aleix García,2024-07-01,Girona,Leverkusen,18000000.0,Midfield,Movimiento a Leverkusen
Alejandro Francés,2024-07-26,Real Zaragoza,Girona,3500000.0,Defender,Movimiento a Girona
Aleksandar Trajkovski,2015-07-01,Zulte Waregem,US Palermo,900000.0,Attack,Movimiento a US Palermo
Aleksandar Trajkovski,2019-08-07,Palermo,RCD Mallorca,0.0,Attack,Movimiento a RCD Mallorca
Alessandro Lopane,2023-07-01,Western Sydney,Melbourne City,0.0,Midfield,Movimiento a Melbourne City
Alexander Callens,2023-01-23,New York City,Girona,0.0,Defender,Movimiento a Girona
Alexander Callens,2023-09-08,Girona,AEK Athens,0.0,Defender,Movimiento a AEK Athens
Alexander Callens,2024-06-30,AEK Athens,Girona,0.0,Defender,Movimiento a Girona
Alexander Callens,2024-07-01,Girona,AEK Athens,300000.0,Defender,Movimiento a AEK Athens
Alexis Blin,2024-07-25,Lecce,Palermo,1500000.0,Midfield,Movimiento a Palermo
Alfred Gomis,2024-07-06,Stade Rennais,Palermo,0.0,Goalkeeper,Movimiento a Palermo
Andrea Belotti,2013-09-02,UC AlbinoLeffe,US Palermo,0.0,Attack,Movimiento a US Palermo
Andrea Belotti,2014-06-30,US Palermo,UC AlbinoLeffe,0.0,Attack,Movimiento a UC AlbinoLeffe
Andrea Belotti,2014-07-01,UC AlbinoLeffe,US Palermo,5500000.0,Attack,Movimiento a US Palermo
Andrea Belotti,2015-08-18,US Palermo,Torino,8400000.0,Attack,Movimiento a Torino
Andreas Kuen,2024-08-22,Atromitos,Melbourne City,0.0,Midfield,Movimiento a Melbourne City
Andreas Kuen,2026-07-01,Melbourne City,Without Club,,Midfield,Movimiento a Without Club
Andrew Nabbout,2020-09-24,Melb. Victory,Melbourne City,0.0,Attack,Movimiento a Melbourne City
Andrew Redmayne,2012-07-01,Brisbane Roar,Melbourne Heart,,Goalkeeper,Movimiento a Melbourne Heart
Andrew Redmayne,2015-07-01,Melbourne City,Western Sydney,0.0,Goalkeeper,Movimiento a Western Sydney
Angeliño,2017-01-01,Man City U23,Girona,0.0,Defender,Movimiento a Girona
Angeliño,2017-01-30,Girona,Man City U23,0.0,Defender,Movimiento a Man City U23
Angeliño,2019-07-03,PSV,Man City,12000000.0,Defender,Movimiento a Man City
Angeliño,2020-01-31,Man City,Leipzig,0.0,Defender,Movimiento a Leipzig
Angeliño,2021-06-30,Leipzig,Man City,0.0,Defender,Movimiento a Man City
Angeliño,2021-07-01,Man City,Leipzig,18000000.0,Defender,Movimiento a Leipzig
Angus Gunn,2016-07-01,Man City U23,Man City,,Goalkeeper,Movimiento a Man City
Angus Gunn,2017-07-01,Man City,Norwich,0.0,Goalkeeper,Movimiento a Norwich
Angus Gunn,2018-05-31,Norwich,Man City,0.0,Goalkeeper,Movimiento a Man City
Angus Gunn,2018-07-10,Man City,Southampton,11300000.0,Goalkeeper,Movimiento a Southampton
Anselmo,2013-01-03,Genoa,US Palermo,,Midfield,Movimiento a US Palermo
Anselmo,2013-07-17,US Palermo,São Caetano,0.0,Midfield,Movimiento a São Caetano
Antal Yaakobishvili,2025-07-01,Girona FC B,Girona,,Defender,Movimiento a Girona
Antal Yaakobishvili,2025-08-15,Girona,FC Andorra,0.0,Defender,Movimiento a FC Andorra
Antal Yaakobishvili,2026-01-21,FC Andorra,Girona,0.0,Defender,Movimiento a Girona
Antal Yaakobishvili,2026-01-22,Girona,CD Tenerife,0.0,Defender,Movimiento a CD Tenerife
Antal Yaakobishvili,2026-06-30,CD Tenerife,Girona,0.0,Defender,Movimiento a Girona
Ante Palaversa,2019-01-31,Hajduk Split,Man City,6300000.0,Midfield,Movimiento a Man City
Ante Palaversa,2019-02-05,Man City,Hajduk Split,0.0,Midfield,Movimiento a Hajduk Split
Ante Palaversa,2019-07-02,Hajduk Split,Man City,0.0,Midfield,Movimiento a Man City
Ante Palaversa,2019-07-03,Man City,KV Oostende,0.0,Midfield,Movimiento a KV Oostende
Ante Palaversa,2020-06-30,KV Oostende,Man City,0.0,Midfield,Movimiento a Man City
Ante Palaversa,2020-08-31,Man City,Getafe,0.0,Midfield,Movimiento a Getafe
Ante Palaversa,2021-01-25,Getafe,Man City,0.0,Midfield,Movimiento a Man City
Ante Palaversa,2021-01-26,Man City,KV Kortrijk,0.0,Midfield,Movimiento a KV Kortrijk
Ante Palaversa,2022-06-30,KV Kortrijk,Man City,0.0,Midfield,Movimiento a Man City
Ante Palaversa,2022-08-31,Man City,Troyes,,Midfield,Movimiento a Troyes
Anthony Cáceres,2016-01-15,Central Coast,Man City,320000.0,Midfield,Movimiento a Man City
Anthony Cáceres,2016-01-19,Man City,Melbourne City,0.0,Midfield,Movimiento a Melbourne City
Anthony Cáceres,2017-07-26,Melbourne City,Man City,0.0,Midfield,Movimiento a Man City
Anthony Cáceres,2017-07-27,Man City,Al-Wasl,0.0,Midfield,Movimiento a Al-Wasl
Anthony Cáceres,2018-06-30,Al-Wasl,Man City,0.0,Midfield,Movimiento a Man City
Anthony Cáceres,2018-07-01,Man City,Melbourne City,0.0,Midfield,Movimiento a Melbourne City
Anthony Cáceres,2018-12-31,Melbourne City,Man City,0.0,Midfield,Movimiento a Man City
Anthony Cáceres,2019-01-02,Man City,Sydney FC,0.0,Midfield,Movimiento a Sydney FC
Anthony Cáceres,2019-06-30,Sydney FC,Man City,0.0,Midfield,Movimiento a Man City
Anthony Cáceres,2019-07-04,Man City,Sydney FC,0.0,Midfield,Movimiento a Sydney FC
Antoine Semenyo,2026-01-09,Bournemouth,Man City,72000000.0,Attack,Movimiento a Man City
Antonino Gallo,2018-07-01,Palermo U19,US Palermo,,Defender,Movimiento a US Palermo
Antonino Gallo,2019-07-25,Palermo,Lecce,0.0,Defender,Movimiento a Lecce
Antonio Luna,2020-10-01,Levante,Girona,0.0,Defender,Movimiento a Girona
Antonio Luna,2021-07-07,Girona,FC Cartagena,0.0,Defender,Movimiento a FC Cartagena
Arijanet Murić,2018-07-01,Man City U23,Man City,,Goalkeeper,Movimiento a Man City
Arijanet Murić,2018-07-31,Man City,NAC Breda,0.0,Goalkeeper,Movimiento a NAC Breda
Arijanet Murić,2018-08-22,NAC Breda,Man City,0.0,Goalkeeper,Movimiento a Man City
Arijanet Murić,2019-07-09,Man City,Nott'm Forest,0.0,Goalkeeper,Movimiento a Nott'm Forest
Arijanet Murić,2020-05-31,Nott'm Forest,Man City,0.0,Goalkeeper,Movimiento a Man City
Arijanet Murić,2020-09-18,Man City,Girona,0.0,Goalkeeper,Movimiento a Girona
Arijanet Murić,2021-01-31,Girona,Man City,0.0,Goalkeeper,Movimiento a Man City
Arijanet Murić,2021-02-01,Man City,Willem II,0.0,Goalkeeper,Movimiento a Willem II
Arijanet Murić,2021-06-30,Willem II,Man City,0.0,Goalkeeper,Movimiento a Man City
Arijanet Murić,2021-08-05,Man City,Adana Demirspor,0.0,Goalkeeper,Movimiento a Adana Demirspor
Arijanet Murić,2022-06-30,Adana Demirspor,Man City,0.0,Goalkeeper,Movimiento a Man City
Arijanet Murić,2022-07-22,Man City,Burnley,3000000.0,Goalkeeper,Movimiento a Burnley
Arion Sulemani,2022-07-02,M. City U21,Melbourne City,,Attack,Movimiento a Melbourne City
Arion Sulemani,2025-07-01,Melbourne City,Perth Glory,,Attack,Movimiento a Perth Glory
Arnau Martínez,2021-04-01,Girona FC B,Girona,,Defender,Movimiento a Girona
Arnaut Danjuma,2024-08-30,Villarreal,Girona,0.0,Attack,Movimiento a Girona
Arnaut Danjuma,2025-06-30,Girona,Villarreal,0.0,Attack,Movimiento a Villarreal
Artem Dovbyk,2023-08-06,SC Dnipro-1,Girona,7750000.0,Attack,Movimiento a Girona
Artem Dovbyk,2024-08-02,Girona,Roma,41100000.0,Attack,Movimiento a Roma
Arthur Melo,2025-02-01,Juventus,Girona,0.0,Midfield,Movimiento a Girona
Arthur Melo,2025-06-30,Girona,Juventus,0.0,Midfield,Movimiento a Juventus
Axel Witsel,2025-08-12,Atlético,Girona,0.0,Midfield,Movimiento a Girona
Aymeric Laporte,2018-01-30,Athletic Club,Man City,65000000.0,Defender,Movimiento a Man City
Aymeric Laporte,2023-08-24,Man City,Al-Nassr,27500000.0,Defender,Movimiento a Al-Nassr
Aziz Behich,2010-07-01,Hume City FC,Melbourne Heart,,Defender,Movimiento a Melbourne Heart
Aziz Behich,2013-02-01,Melbourne Heart,Bursaspor,,Defender,Movimiento a Bursaspor
Aziz Behich,2013-07-24,Bursaspor,Melbourne Heart,0.0,Defender,Movimiento a Melbourne Heart
Aziz Behich,2014-06-30,Melbourne Heart,Bursaspor,0.0,Defender,Movimiento a Bursaspor
Aziz Behich,2023-08-06,Dundee United,Melbourne City,,Defender,Movimiento a Melbourne City
Aziz Behich,2024-01-30,Melbourne City,Al-Nassr,0.0,Defender,Movimiento a Al-Nassr
Aziz Behich,2024-06-30,Al-Nassr,Melbourne City,0.0,Defender,Movimiento a Melbourne City
Azzedine Ounahi,2025-08-30,Marseille,Girona,6000000.0,Midfield,Movimiento a Girona
Bart Schenkeveld,2017-08-21,PEC Zwolle,Melbourne City,0.0,Defender,Movimiento a Melbourne City
Bart Schenkeveld,2019-08-29,Melbourne City,Panathinaikos,0.0,Defender,Movimiento a Panathinaikos
Bartosz Bereszyński,2025-09-20,Without Club,Palermo,,Defender,Movimiento a Palermo
Beckham Baker,2025-07-23,M. City U21,Melbourne City,,Attack,Movimiento a Melbourne City
Ben Garuccio,2012-09-18,FFA C. of Excel,Melbourne Heart,,Defender,Movimiento a Melbourne Heart
Ben Garuccio,2016-07-01,Melbourne City,Adelaide United,0.0,Defender,Movimiento a Adelaide United
Ben Garuccio,2020-10-15,Heart of Midl.,Melbourne City,0.0,Defender,Movimiento a Melbourne City
Ben Garuccio,2021-07-18,Melbourne City,Western United,0.0,Defender,Movimiento a Western United
Ben Mee,2010-07-01,Man City Res.,Man City,,Defender,Movimiento a Man City
Ben Mee,2011-01-01,Man City,Leicester,0.0,Defender,Movimiento a Leicester
Ben Mee,2011-05-01,Leicester,Man City,0.0,Defender,Movimiento a Man City
Ben Mee,2011-07-14,Man City,Burnley,0.0,Defender,Movimiento a Burnley
Ben Mee,2012-01-16,Burnley,Man City,0.0,Defender,Movimiento a Man City
Ben Mee,2012-01-17,Man City,Burnley,,Defender,Movimiento a Burnley
Benjamin Mazzeo,2024-01-16,M. City U21,Melbourne City,,Attack,Movimiento a Melbourne City
Benjamin Mendy,2017-07-24,Monaco,Man City,57500000.0,Defender,Movimiento a Man City
Benjamin Mendy,2023-07-19,Man City,FC Lorient,0.0,Defender,Movimiento a FC Lorient
Bernardo Espinosa,2017-07-07,Middlesbrough,Girona,4500000.0,Defender,Movimiento a Girona
Bernardo Espinosa,2019-07-06,Girona,Espanyol,0.0,Defender,Movimiento a Espanyol
Bernardo Espinosa,2020-07-20,Espanyol,Girona,0.0,Defender,Movimiento a Girona
Bernardo Espinosa,2024-01-05,Girona,Atl. Nacional,0.0,Defender,Movimiento a Atl. Nacional
Bernardo Silva,2017-07-01,Monaco,Man City,50000000.0,Midfield,Movimiento a Man City
Bernardo Silva,2026-07-01,Man City,Without Club,,Midfield,Movimiento a Without Club
Bersant Celina,2016-07-01,Man City U23,Man City,,Midfield,Movimiento a Man City
Bersant Celina,2016-08-25,Man City,FC Twente,0.0,Midfield,Movimiento a FC Twente
Bersant Celina,2017-06-30,FC Twente,Man City,0.0,Midfield,Movimiento a Man City
Bersant Celina,2017-07-03,Man City,Ipswich,0.0,Midfield,Movimiento a Ipswich
Bersant Celina,2018-05-31,Ipswich,Man City,0.0,Midfield,Movimiento a Man City
Bersant Celina,2018-07-31,Man City,Swansea,3400000.0,Midfield,Movimiento a Swansea
Besian Kutleshi,2025-09-15,Western United,Melbourne City,0.0,Defender,Movimiento a Melbourne City
Bojan Miovski,2024-08-15,Aberdeen FC,Girona,6500000.0,Attack,Movimiento a Girona
Bojan Miovski,2025-08-30,Girona,Rangers,3000000.0,Attack,Movimiento a Rangers
Borja García,2015-08-26,RM Castilla,Girona,0.0,Midfield,Movimiento a Girona
Borja García,2020-09-15,Girona,SD Huesca,1500000.0,Midfield,Movimiento a SD Huesca
Borja García,2021-09-03,SD Huesca,Girona,,Midfield,Movimiento a Girona
Borja García,2024-07-01,Girona,Without Club,,Midfield,Movimiento a Without Club
Brahim Díaz,2018-01-01,Man City U23,Man City,,Attack,Movimiento a Man City
Brahim Díaz,2019-01-06,Man City,Real Madrid,17000000.0,Attack,Movimiento a Real Madrid
Brandon Thomas,2020-01-13,CA Osasuna,Girona,0.0,Attack,Movimiento a Girona
Brandon Thomas,2020-06-30,Girona,CA Osasuna,0.0,Attack,Movimiento a CA Osasuna
Brendan Hamill,2012-07-16,Melbourne Heart,Seongnam FC,,Defender,Movimiento a Seongnam FC
Bruno Henrique,2016-08-29,Corinthians,US Palermo,3300000.0,Midfield,Movimiento a US Palermo
Bruno Henrique,2017-06-21,US Palermo,Palmeiras,3500000.0,Midfield,Movimiento a Palmeiras
Bruno Zuculini,2014-07-01,Racing Club,Man City,2500000.0,Midfield,Movimiento a Man City
Bruno Zuculini,2014-08-19,Man City,Valencia,0.0,Midfield,Movimiento a Valencia
Bruno Zuculini,2015-01-30,Valencia,Man City,0.0,Midfield,Movimiento a Man City
Bruno Zuculini,2015-01-31,Man City,Córdoba CF,0.0,Midfield,Movimiento a Córdoba CF
Bruno Zuculini,2015-06-30,Córdoba CF,Man City,0.0,Midfield,Movimiento a Man City
Bruno Zuculini,2015-10-26,Man City,Middlesbrough,0.0,Midfield,Movimiento a Middlesbrough
Bruno Zuculini,2016-01-02,Middlesbrough,Man City,0.0,Midfield,Movimiento a Man City
Bruno Zuculini,2016-02-01,Man City,AEK Athens,0.0,Midfield,Movimiento a AEK Athens
Bruno Zuculini,2016-06-30,AEK Athens,Man City,0.0,Midfield,Movimiento a Man City
Bruno Zuculini,2016-08-29,Man City,Rayo Vallecano,0.0,Midfield,Movimiento a Rayo Vallecano
Bruno Zuculini,2017-01-15,Rayo Vallecano,Man City,0.0,Midfield,Movimiento a Man City
Bruno Zuculini,2017-01-19,Man City,Hellas Verona,0.0,Midfield,Movimiento a Hellas Verona
Bruno Zuculini,2017-06-30,Hellas Verona,Man City,0.0,Midfield,Movimiento a Man City
Bruno Zuculini,2017-07-11,Man City,Hellas Verona,1250000.0,Midfield,Movimiento a Hellas Verona
Bryan Cristante,2016-01-08,Benfica,US Palermo,0.0,Midfield,Movimiento a US Palermo
Bryan Cristante,2016-06-30,US Palermo,Benfica,0.0,Midfield,Movimiento a Benfica
Bryan Gil,2024-07-29,Tottenham,Girona,0.0,Attack,Movimiento a Girona
Bryan Gil,2025-06-30,Girona,Tottenham,0.0,Attack,Movimiento a Tottenham
Bryan Gil,2025-09-01,Tottenham,Girona,6000000.0,Attack,Movimiento a Girona
Callum Talbot,2022-07-01,Sydney FC,Melbourne City,0.0,Defender,Movimiento a Melbourne City
Callum Talbot,2025-07-01,Melbourne City,Macarthur,0.0,Defender,Movimiento a Macarthur
Chaka Traorè,2024-02-01,AC Milan,Palermo,0.0,Attack,Movimiento a Palermo
Chaka Traorè,2024-06-30,Palermo,AC Milan,0.0,Attack,Movimiento a AC Milan
Choco Lozano,2018-01-30,Barcelona B,Girona,1750000.0,Attack,Movimiento a Girona
Choco Lozano,2019-09-02,Girona,Cádiz CF,0.0,Attack,Movimiento a Cádiz CF
Choco Lozano,2020-07-21,Cádiz CF,Girona,0.0,Attack,Movimiento a Girona
Choco Lozano,2020-08-04,Girona,Cádiz CF,2500000.0,Attack,Movimiento a Cádiz CF
Claudio Bravo,2016-08-25,Barcelona,Man City,18000000.0,Goalkeeper,Movimiento a Man City
Claudio Bravo,2020-08-30,Man City,Real Betis,0.0,Goalkeeper,Movimiento a Real Betis
Claudio Echeverri,2024-01-25,River Plate,Man City,18500000.0,Midfield,Movimiento a Man City
Claudio Echeverri,2024-01-26,Man City,River Plate,0.0,Midfield,Movimiento a River Plate
Claudio Echeverri,2024-12-31,River Plate,Man City,0.0,Midfield,Movimiento a Man City
Claudio Echeverri,2025-08-21,Man City,Leverkusen,0.0,Midfield,Movimiento a Leverkusen
Claudio Echeverri,2025-12-31,Leverkusen,Man City,0.0,Midfield,Movimiento a Man City
Claudio Echeverri,2026-01-18,Man City,Girona,0.0,Midfield,Movimiento a Girona
Claudio Echeverri,2026-06-30,Girona,Man City,0.0,Midfield,Movimiento a Man City
Cole Palmer,2021-07-01,Man City U23,Man City,,Midfield,Movimiento a Man City
Cole Palmer,2023-09-01,Man City,Chelsea,47000000.0,Midfield,Movimiento a Chelsea
Connor Metcalfe,2017-07-18,M. City U21,Melbourne City,,Midfield,Movimiento a Melbourne City
Connor Metcalfe,2022-07-01,Melbourne City,St. Pauli,0.0,Midfield,Movimiento a St. Pauli
Craig Goodwin,2012-02-01,M. City U21,Melbourne Heart,,Attack,Movimiento a Melbourne Heart
Craig Goodwin,2012-07-01,Melbourne Heart,Newcastle,,Attack,Movimiento a Newcastle
Cristhian Stuani,2017-07-21,Middlesbrough,Girona,2500000.0,Attack,Movimiento a Girona
Cristian Herrera,2016-02-01,UD Almería,Girona,0.0,Attack,Movimiento a Girona
Cristian Herrera,2017-07-14,Girona,CD Lugo,0.0,Attack,Movimiento a CD Lugo
Daley Blind,2023-07-07,Bayern Munich,Girona,0.0,Defender,Movimiento a Girona
Daniel Arzani,2016-07-01,FFA C. of Excel,Melbourne City,0.0,Attack,Movimiento a Melbourne City
Daniel Arzani,2018-08-09,Melbourne City,Man City,890000.0,Attack,Movimiento a Man City
Daniel Arzani,2018-08-17,Man City,Celtic,0.0,Attack,Movimiento a Celtic
Daniel Arzani,2020-06-30,Celtic,Man City,0.0,Attack,Movimiento a Man City
Daniel Arzani,2020-08-07,Man City,Utrecht,0.0,Attack,Movimiento a Utrecht
Daniel Arzani,2021-01-25,Utrecht,Man City,0.0,Attack,Movimiento a Man City
Daniel Arzani,2021-01-26,Man City,Aarhus GF,0.0,Attack,Movimiento a Aarhus GF
Daniel Arzani,2021-06-30,Aarhus GF,Man City,0.0,Attack,Movimiento a Man City
Daniel Arzani,2021-08-19,Man City,Lommel SK,0.0,Attack,Movimiento a Lommel SK
Daniel Arzani,2022-06-30,Lommel SK,Man City,0.0,Attack,Movimiento a Man City
Daniel Arzani,2022-07-25,Man City,Macarthur,0.0,Attack,Movimiento a Macarthur
Daniel Arzani,2026-01-21,Ferencváros,Melbourne City,0.0,Attack,Movimiento a Melbourne City
Daniel Arzani,2026-06-30,Melbourne City,Ferencváros,0.0,Attack,Movimiento a Ferencváros
Danilo,2017-07-23,Real Madrid,Man City,30000000.0,Defender,Movimiento a Man City
Danilo,2019-08-07,Man City,Juventus,37000000.0,Defender,Movimiento a Juventus
Danilo Ortiz,2015-01-31,Cerro Porteño,US Palermo,0.0,Defender,Movimiento a US Palermo
Danilo Ortiz,2015-06-30,US Palermo,Cerro Porteño,0.0,Defender,Movimiento a Cerro Porteño
Dario Saric,2022-08-30,Ascoli,Palermo,1800000.0,Midfield,Movimiento a Palermo
Dario Saric,2023-08-25,Palermo,Antalyaspor,0.0,Midfield,Movimiento a Antalyaspor
Dario Saric,2024-06-30,Antalyaspor,Palermo,0.0,Midfield,Movimiento a Palermo
Dario Saric,2025-01-31,Palermo,Cesena,0.0,Midfield,Movimiento a Cesena
Dario Saric,2025-06-30,Cesena,Palermo,0.0,Midfield,Movimiento a Palermo
Dario Saric,2025-08-18,Palermo,Antalyaspor,0.0,Midfield,Movimiento a Antalyaspor
Dario Saric,2026-06-30,Antalyaspor,Palermo,0.0,Midfield,Movimiento a Palermo
Dario Saric,2026-07-01,Palermo,Antalyaspor,,Midfield,Movimiento a Antalyaspor
David López,2022-07-25,Espanyol,Girona,0.0,Defender,Movimiento a Girona
Davide Bettella,2022-08-19,Monza,Palermo,0.0,Defender,Movimiento a Palermo
Davide Bettella,2023-06-30,Palermo,Monza,0.0,Defender,Movimiento a Monza
Dawda Camara,2025-08-23,Girona FC B,Girona,,Attack,Movimiento a Girona
Dawda Camara,2025-09-01,Girona,Cádiz CF,0.0,Attack,Movimiento a Cádiz CF
Dawda Camara,2026-06-30,Cádiz CF,Girona,0.0,Attack,Movimiento a Girona
Dean Bouzanis,2016-01-06,Western Sydney,Melbourne City,,Goalkeeper,Movimiento a Melbourne City
Dean Bouzanis,2018-08-31,Melbourne City,PEC Zwolle,0.0,Goalkeeper,Movimiento a PEC Zwolle
Dean Bouzanis,2019-06-30,PEC Zwolle,Melbourne City,0.0,Goalkeeper,Movimiento a Melbourne City
Dean Bouzanis,2020-08-07,Melbourne City,Sutton Utd,0.0,Goalkeeper,Movimiento a Sutton Utd
Dedryck Boyata,2010-07-01,Man City Res.,Man City,,Defender,Movimiento a Man City
Dedryck Boyata,2011-09-01,Man City,Bolton,0.0,Defender,Movimiento a Bolton
Dedryck Boyata,2012-05-17,Bolton,Man City,0.0,Defender,Movimiento a Man City
Dedryck Boyata,2012-08-31,Man City,FC Twente,0.0,Defender,Movimiento a FC Twente
Dedryck Boyata,2013-01-08,FC Twente,Man City,0.0,Defender,Movimiento a Man City
Dedryck Boyata,2015-07-01,Man City,Celtic,2000000.0,Defender,Movimiento a Celtic
Denis Genreau,2017-01-01,M. City U21,Melbourne City,,Midfield,Movimiento a Melbourne City
Denis Genreau,2018-07-01,Melbourne City,PEC Zwolle,0.0,Midfield,Movimiento a PEC Zwolle
Denis Genreau,2019-06-30,PEC Zwolle,Melbourne City,0.0,Midfield,Movimiento a Melbourne City
Denis Genreau,2020-07-01,Melbourne City,Macarthur,0.0,Midfield,Movimiento a Macarthur
Dominik Livakovic,2025-09-01,Fenerbahçe,Girona,0.0,Goalkeeper,Movimiento a Girona
Dominik Livakovic,2026-01-29,Girona,Fenerbahçe,0.0,Goalkeeper,Movimiento a Fenerbahçe
Donny van de Beek,2024-07-11,Man Utd,Girona,500000.0,Midfield,Movimiento a Girona
Douglas Luiz,2017-07-15,Vasco da Gama,Man City,12000000.0,Midfield,Movimiento a Man City
Douglas Luiz,2017-08-01,Man City,Girona,0.0,Midfield,Movimiento a Girona
Douglas Luiz,2019-06-30,Girona,Man City,0.0,Midfield,Movimiento a Man City
Douglas Luiz,2019-07-25,Man City,Aston Villa,16800000.0,Midfield,Movimiento a Aston Villa
Dylan Pierias,2018-01-01,M. City U21,Melbourne City,,Defender,Movimiento a Melbourne City
Dylan Pierias,2019-07-01,Melbourne City,Western United,0.0,Defender,Movimiento a Western United
Eddy Gnahoré,2017-07-18,Napoli,US Palermo,1500000.0,Midfield,Movimiento a US Palermo
Eddy Gnahoré,2018-07-26,US Palermo,Amiens SC,0.0,Midfield,Movimiento a Amiens SC
Eddy Gnahoré,2019-06-30,Amiens SC,US Palermo,0.0,Midfield,Movimiento a US Palermo
Eddy Gnahoré,2019-07-01,Palermo,Amiens SC,2500000.0,Midfield,Movimiento a Amiens SC
Ederson,2017-07-01,Benfica,Man City,40000000.0,Goalkeeper,Movimiento a Man City
Ederson,2025-09-02,Man City,Fenerbahçe,11000000.0,Goalkeeper,Movimiento a Fenerbahçe
Edin Dzeko,2011-01-07,Wolfsburg,Man City,37000000.0,Attack,Movimiento a Man City
Edin Dzeko,2015-08-12,Man City,Roma,0.0,Attack,Movimiento a Roma
Edin Dzeko,2016-06-30,Roma,Man City,0.0,Attack,Movimiento a Man City
Edin Dzeko,2016-07-01,Man City,Roma,11000000.0,Attack,Movimiento a Roma
Edinson Cavani,2007-01-29,Danubio FC,US Palermo,5000000.0,Attack,Movimiento a US Palermo
Edinson Cavani,2010-07-22,US Palermo,Napoli,0.0,Attack,Movimiento a Napoli
Edinson Cavani,2011-06-30,Napoli,US Palermo,0.0,Attack,Movimiento a US Palermo
Edinson Cavani,2011-07-01,US Palermo,Napoli,12000000.0,Attack,Movimiento a Napoli
Edoardo Goldaniga,2013-07-01,Palermo U19,US Palermo,,Defender,Movimiento a US Palermo
Edoardo Goldaniga,2013-08-12,US Palermo,AC Pisa,0.0,Defender,Movimiento a AC Pisa
Edoardo Goldaniga,2014-06-30,AC Pisa,US Palermo,0.0,Defender,Movimiento a US Palermo
Edoardo Goldaniga,2014-07-01,US Palermo,Juventus,1500000.0,Defender,Movimiento a Juventus
Edoardo Goldaniga,2015-07-01,Juventus,US Palermo,1500000.0,Defender,Movimiento a US Palermo
Edoardo Goldaniga,2017-07-29,US Palermo,Sassuolo,4000000.0,Defender,Movimiento a Sassuolo
Elbasan Rashani,2025-09-12,Without Club,Melbourne City,,Attack,Movimiento a Melbourne City
Eliaquim Mangala,2014-08-11,Porto,Man City,45000000.0,Defender,Movimiento a Man City
Eliaquim Mangala,2016-08-31,Man City,Valencia,0.0,Defender,Movimiento a Valencia
Eliaquim Mangala,2017-06-30,Valencia,Man City,0.0,Defender,Movimiento a Man City
Eliaquim Mangala,2018-01-31,Man City,Everton,0.0,Defender,Movimiento a Everton
Eliaquim Mangala,2018-05-31,Everton,Man City,0.0,Defender,Movimiento a Man City
Eliaquim Mangala,2019-08-12,Man City,Valencia,0.0,Defender,Movimiento a Valencia
Emerson,2014-08-25,Santos,US Palermo,0.0,Defender,Movimiento a US Palermo
Emerson,2015-06-30,US Palermo,Santos,0.0,Defender,Movimiento a Santos
Emil Audero,2025-02-03,Como,Palermo,0.0,Goalkeeper,Movimiento a Palermo
Emil Audero,2025-06-30,Palermo,Como,0.0,Goalkeeper,Movimiento a Como
Emin Durakovic,2022-07-02,M. City U21,Melbourne City,,Midfield,Movimiento a Melbourne City
Emmanuel Gyasi,2025-07-16,FC Empoli,Palermo,0.0,Midfield,Movimiento a Palermo
Emmanuel Gyasi,2026-06-30,Palermo,FC Empoli,0.0,Midfield,Movimiento a FC Empoli
Enes Ünal,2015-07-06,Bursaspor,Man City,4400000.0,Attack,Movimiento a Man City
Enes Ünal,2015-07-31,Man City,Genk,0.0,Attack,Movimiento a Genk
Enes Ünal,2016-01-29,Genk,Man City,0.0,Attack,Movimiento a Man City
Enes Ünal,2016-02-01,Man City,NAC Breda,0.0,Attack,Movimiento a NAC Breda
Enes Ünal,2016-06-30,NAC Breda,Man City,0.0,Attack,Movimiento a Man City
Enes Ünal,2016-07-23,Man City,FC Twente,0.0,Attack,Movimiento a FC Twente
Enes Ünal,2017-06-30,FC Twente,Man City,0.0,Attack,Movimiento a Man City
Enes Ünal,2017-07-01,Man City,Villarreal,14000000.0,Attack,Movimiento a Villarreal
Eric García,2019-07-01,Man City U23,Man City,,Defender,Movimiento a Man City
Eric García,2021-07-01,Man City,Barcelona,0.0,Defender,Movimiento a Barcelona
Eric García,2023-09-01,Barcelona,Girona,0.0,Defender,Movimiento a Girona
Eric García,2024-06-30,Girona,Barcelona,0.0,Defender,Movimiento a Barcelona
Erik Palmer-Brown,2019-07-01,Man City U23,Man City,,Defender,Movimiento a Man City
Erik Palmer-Brown,2019-08-05,Man City,Austria Vienna,0.0,Defender,Movimiento a Austria Vienna
Erik Palmer-Brown,2021-06-30,Austria Vienna,Man City,0.0,Defender,Movimiento a Man City
Erik Palmer-Brown,2021-08-31,Man City,Troyes,0.0,Defender,Movimiento a Troyes
Erik Palmer-Brown,2022-02-01,Troyes,Man City,0.0,Defender,Movimiento a Man City
Erik Palmer-Brown,2022-02-02,Man City,Troyes,0.0,Defender,Movimiento a Troyes
Erling Haaland,2022-07-01,Dortmund,Man City,60000000.0,Attack,Movimiento a Man City
Ezequiel Muñoz,2010-08-05,Boca Juniors,US Palermo,5000000.0,Defender,Movimiento a US Palermo
Ezequiel Muñoz,2015-02-02,US Palermo,Sampdoria,0.0,Defender,Movimiento a Sampdoria
Ezequiel Muñoz,2015-06-30,Sampdoria,US Palermo,0.0,Defender,Movimiento a US Palermo
Ezequiel Muñoz,2015-07-18,US Palermo,Genoa,0.0,Defender,Movimiento a Genoa
Farid Boulaya,2017-07-25,SC Bastia,Girona,,Midfield,Movimiento a Girona
Farid Boulaya,2018-01-19,Girona,FC Metz,0.0,Midfield,Movimiento a FC Metz
Farid Boulaya,2018-06-30,FC Metz,Girona,0.0,Midfield,Movimiento a Girona
Farid Boulaya,2018-07-01,Girona,FC Metz,800000.0,Midfield,Movimiento a FC Metz
Federico Di Francesco,2023-08-31,Lecce,Palermo,1300000.0,Attack,Movimiento a Palermo
Fernando,2014-07-01,FC Porto,Man City,15000000.0,Midfield,Movimiento a Man City
Fernando,2017-08-04,Man City,Galatasaray,6000000.0,Midfield,Movimiento a Galatasaray
Ferran Torres,2020-08-04,Valencia,Man City,33500000.0,Attack,Movimiento a Man City
Ferran Torres,2022-01-01,Man City,Barcelona,55000000.0,Attack,Movimiento a Barcelona
Filippo Ranocchia,2024-01-18,Juventus,Palermo,3880000.0,Midfield,Movimiento a Palermo
Florian Lejeune,2014-07-15,Villarreal,Girona,0.0,Defender,Movimiento a Girona
Florian Lejeune,2015-08-28,Girona,Man City,300000.0,Defender,Movimiento a Man City
Florian Lejeune,2015-08-29,Man City,Girona,0.0,Defender,Movimiento a Girona
Florian Lejeune,2016-06-30,Girona,Man City,0.0,Defender,Movimiento a Man City
Florian Lejeune,2016-07-01,Man City,SD Eibar,1500000.0,Defender,Movimiento a SD Eibar
Fran Beltrán,2026-01-20,Celta de Vigo,Girona,150000.0,Midfield,Movimiento a Girona
Franco Vázquez,2012-01-03,Belgrano,US Palermo,4500000.0,Midfield,Movimiento a US Palermo
Franco Vázquez,2012-08-27,US Palermo,Rayo Vallecano,0.0,Midfield,Movimiento a Rayo Vallecano
Franco Vázquez,2013-06-30,Rayo Vallecano,US Palermo,0.0,Midfield,Movimiento a US Palermo
Franco Vázquez,2016-07-16,US Palermo,Sevilla FC,16800000.0,Midfield,Movimiento a Sevilla FC
Frédéric Veseli,2011-07-01,Man City U18,Man City,,Defender,Movimiento a Man City
Frédéric Veseli,2012-01-31,Man City,Man Utd,0.0,Defender,Movimiento a Man Utd
Gabri Martínez,2022-07-01,Girona FC B,Girona,,Attack,Movimiento a Girona
Gabri Martínez,2022-07-14,Girona,San Fernando CD,0.0,Attack,Movimiento a San Fernando CD
Gabri Martínez,2023-06-30,San Fernando CD,Girona,0.0,Attack,Movimiento a Girona
Gabri Martínez,2023-07-01,Girona,CD Mirandés,0.0,Attack,Movimiento a CD Mirandés
Gabri Martínez,2024-06-30,CD Mirandés,Girona,0.0,Attack,Movimiento a Girona
Gabri Martínez,2024-07-01,Girona,Braga,0.0,Attack,Movimiento a Braga
Gabriel Jesus,2017-01-01,Palmeiras,Man City,32000000.0,Attack,Movimiento a Man City
Gabriel Jesus,2022-07-04,Man City,Arsenal,52200000.0,Attack,Movimiento a Arsenal
Gabriel Misehouy,2024-07-10,Ajax U21,Girona,0.0,Midfield,Movimiento a Girona
Gabriel Misehouy,2025-07-21,Girona,Aris Saloniki,0.0,Midfield,Movimiento a Aris Saloniki
Gabriel Misehouy,2026-06-30,Aris Saloniki,Girona,0.0,Midfield,Movimiento a Girona
George Pușcaș,2018-08-08,Inter,US Palermo,0.0,Attack,Movimiento a US Palermo
George Pușcaș,2019-06-30,US Palermo,Inter,0.0,Attack,Movimiento a Inter
Gerard Gumbau,2019-08-14,CD Leganés,Girona,500000.0,Midfield,Movimiento a Girona
Gerard Gumbau,2021-08-31,Girona,Elche CF,0.0,Midfield,Movimiento a Elche CF
Germán Ferreyra,2024-07-17,Enisey,Melbourne City,0.0,Defender,Movimiento a Melbourne City
Germán Ferreyra,2026-07-01,Melbourne City,Without Club,,Defender,Movimiento a Without Club
Gerónimo Rulli,2016-08-08,CD Maldonado,Man City,4700000.0,Goalkeeper,Movimiento a Man City
Gerónimo Rulli,2016-08-09,Man City,Real Sociedad,0.0,Goalkeeper,Movimiento a Real Sociedad
Gerónimo Rulli,2016-12-31,Real Sociedad,Man City,0.0,Goalkeeper,Movimiento a Man City
Gerónimo Rulli,2017-01-01,Man City,Real Sociedad,7000000.0,Goalkeeper,Movimiento a Real Sociedad
Giacomo Corona,2024-07-01,Palermo U19,Palermo,,Attack,Movimiento a Palermo
Gianluca Di Chiara,2013-06-30,Pavia,US Palermo,0.0,Defender,Movimiento a US Palermo
Gianluca Di Chiara,2013-07-09,US Palermo,Latina Calcio,0.0,Defender,Movimiento a Latina Calcio
Gianluca Di Chiara,2014-01-15,Latina Calcio,US Palermo,0.0,Defender,Movimiento a US Palermo
Gianluca Di Chiara,2014-01-16,US Palermo,Catanzaro,0.0,Defender,Movimiento a Catanzaro
Gianluca Di Chiara,2014-06-30,Catanzaro,US Palermo,0.0,Defender,Movimiento a US Palermo
Gianluca Di Chiara,2014-07-22,US Palermo,Catanzaro,,Defender,Movimiento a Catanzaro
Gianluigi Donnarumma,2025-09-01,PSG,Man City,30000000.0,Goalkeeper,Movimiento a Man City
Giuseppe Pezzella,2015-07-01,Palermo U19,US Palermo,,Defender,Movimiento a US Palermo
Giuseppe Pezzella,2017-07-01,US Palermo,Udinese,4500000.0,Defender,Movimiento a Udinese
Haitam Aleesami,2016-08-05,IFK Göteborg,US Palermo,1380000.0,Defender,Movimiento a US Palermo
Haitam Aleesami,2019-07-08,Palermo,Amiens SC,0.0,Defender,Movimiento a Amiens SC
Harrison Delbridge,2018-01-01,Cincinnati,Melbourne City,0.0,Defender,Movimiento a Melbourne City
Harrison Delbridge,2021-01-27,Melbourne City,Incheon Utd.,,Defender,Movimiento a Incheon Utd.
Harrison Delbridge,2026-01-23,Incheon Utd.,Melbourne City,0.0,Defender,Movimiento a Melbourne City
Harrison Shillington,2024-07-26,M. City U21,Melbourne City,,Defender,Movimiento a Melbourne City
Harrison Shillington,2026-07-01,Melbourne City,Without Club,,Defender,Movimiento a Without Club
Harry Politidis,2023-09-25,M. City U21,Melbourne City,,Defender,Movimiento a Melbourne City
Harry Politidis,2025-07-01,Melbourne City,Macarthur,0.0,Defender,Movimiento a Macarthur
Hiroshi Ibusuki,2009-01-01,Reysol U18,Girona,,Attack,Movimiento a Girona
Hiroshi Ibusuki,2009-07-01,Girona,Real Zaragoza B,0.0,Attack,Movimiento a Real Zaragoza B
Hiroshi Ibusuki,2010-06-30,Real Zaragoza B,Girona,0.0,Attack,Movimiento a Girona
Hiroshi Ibusuki,2010-08-01,Girona,CE Sabadell,0.0,Attack,Movimiento a CE Sabadell
Hiroshi Ibusuki,2011-06-30,CE Sabadell,Girona,0.0,Attack,Movimiento a Girona
Hiroshi Ibusuki,2011-07-01,Girona,Sevilla Atl.,150000.0,Attack,Movimiento a Sevilla Atl.
Hugo Rincón,2025-07-29,Athletic Club,Girona,0.0,Defender,Movimiento a Girona
Hugo Rincón,2026-06-30,Girona,Athletic Club,0.0,Defender,Movimiento a Athletic Club
Ibrahima Kébé,2020-07-01,Girona FC B,Girona,,Midfield,Movimiento a Girona
Ibrahima Kébé,2024-01-19,Girona,CD Mirandés,0.0,Midfield,Movimiento a CD Mirandés
Ibrahima Kébé,2024-06-30,CD Mirandés,Girona,0.0,Midfield,Movimiento a Girona
Ibrahima Kébé,2024-07-24,Girona,Lommel SK,0.0,Midfield,Movimiento a Lommel SK
Ibrahima Kébé,2025-06-30,Lommel SK,Girona,0.0,Midfield,Movimiento a Girona
Ignasi Miquel,2019-08-13,Getafe,Girona,0.0,Defender,Movimiento a Girona
Ignasi Miquel,2020-08-24,Girona,Getafe,0.0,Defender,Movimiento a Getafe
Iker Almena,2024-07-01,Girona FC B,Girona,,Attack,Movimiento a Girona
Iker Almena,2024-08-30,Girona,Al-Qadsiah,5000000.0,Attack,Movimiento a Al-Qadsiah
Ilija Nestorovski,2016-08-01,Inter Zapresic,US Palermo,500000.0,Attack,Movimiento a US Palermo
Ilija Nestorovski,2019-07-26,Palermo,Udinese,0.0,Attack,Movimiento a Udinese
Ilyas Chaira,2022-07-01,Girona FC B,Girona,,Attack,Movimiento a Girona
Ilyas Chaira,2022-07-14,Girona,San Fernando CD,0.0,Attack,Movimiento a San Fernando CD
Ilyas Chaira,2023-06-30,San Fernando CD,Girona,0.0,Attack,Movimiento a Girona
Ilyas Chaira,2023-07-06,Girona,CD Mirandés,0.0,Attack,Movimiento a CD Mirandés
Ilyas Chaira,2024-06-30,CD Mirandés,Girona,0.0,Attack,Movimiento a Girona
Ilyas Chaira,2024-08-24,Girona,Real Oviedo,0.0,Attack,Movimiento a Real Oviedo
Ilyas Chaira,2025-06-30,Real Oviedo,Girona,0.0,Attack,Movimiento a Girona
Ilyas Chaira,2025-07-11,Girona,Real Oviedo,1500000.0,Attack,Movimiento a Real Oviedo
Ionuț Nedelcearu,2022-07-27,Crotone,Palermo,900000.0,Defender,Movimiento a Palermo
Ionuț Nedelcearu,2025-02-07,Palermo,Akron Tolyatti,130000.0,Defender,Movimiento a Akron Tolyatti
Issa Kaboré,2020-07-29,KV Mechelen,Man City,4500000.0,Defender,Movimiento a Man City
Issa Kaboré,2020-07-30,Man City,KV Mechelen,0.0,Defender,Movimiento a KV Mechelen
Issa Kaboré,2021-06-30,KV Mechelen,Man City,0.0,Defender,Movimiento a Man City
Issa Kaboré,2021-07-01,Man City,Troyes,0.0,Defender,Movimiento a Troyes
Issa Kaboré,2022-06-30,Troyes,Man City,0.0,Defender,Movimiento a Man City
Issa Kaboré,2022-08-17,Man City,Marseille,0.0,Defender,Movimiento a Marseille
Issa Kaboré,2023-06-30,Marseille,Man City,0.0,Defender,Movimiento a Man City
Issa Kaboré,2023-07-21,Man City,Luton,0.0,Defender,Movimiento a Luton
Issa Kaboré,2024-05-31,Luton,Man City,0.0,Defender,Movimiento a Man City
Issa Kaboré,2024-09-01,Man City,Benfica,0.0,Defender,Movimiento a Benfica
Issa Kaboré,2024-12-31,Benfica,Man City,0.0,Defender,Movimiento a Man City
Issa Kaboré,2025-01-06,Man City,Werder Bremen,0.0,Defender,Movimiento a Werder Bremen
Issa Kaboré,2025-06-30,Werder Bremen,Man City,0.0,Defender,Movimiento a Man City
Issa Kaboré,2025-09-01,Man City,Wrexham,0.0,Defender,Movimiento a Wrexham
Issa Kaboré,2026-06-30,Wrexham,Man City,0.0,Defender,Movimiento a Man City
Iván Martín,2022-01-27,Villarreal,Girona,0.0,Midfield,Movimiento a Girona
Iván Martín,2023-06-30,Girona,Villarreal,0.0,Midfield,Movimiento a Villarreal
Iván Martín,2023-07-22,Villarreal,Girona,2000000.0,Midfield,Movimiento a Girona
Jack Grealish,2021-08-05,Aston Villa,Man City,117500000.0,Attack,Movimiento a Man City
Jack Grealish,2025-08-12,Man City,Everton,0.0,Attack,Movimiento a Everton
Jack Grealish,2026-06-30,Everton,Man City,0.0,Attack,Movimiento a Man City
Jack Harrison,2018-01-30,New York City,Man City,4000000.0,Attack,Movimiento a Man City
Jack Harrison,2018-01-31,Man City,Middlesbrough,0.0,Attack,Movimiento a Middlesbrough
Jack Harrison,2018-05-31,Middlesbrough,Man City,0.0,Attack,Movimiento a Man City
Jack Harrison,2018-07-30,Man City,Leeds,0.0,Attack,Movimiento a Leeds
Jack Harrison,2021-06-30,Leeds,Man City,0.0,Attack,Movimiento a Man City
Jack Harrison,2021-07-02,Man City,Leeds,12800000.0,Attack,Movimiento a Leeds
Jack Hendry,2020-01-22,Celtic,Melbourne City,0.0,Defender,Movimiento a Melbourne City
Jack Hendry,2020-05-31,Melbourne City,Celtic,0.0,Defender,Movimiento a Celtic
Jaime Mata,2014-07-01,Lleida Esportiu,Girona,0.0,Attack,Movimiento a Girona
Jaime Mata,2016-07-01,Girona,Real Valladolid,0.0,Attack,Movimiento a Real Valladolid
James Delianov,2017-07-01,M. City U21,Melbourne City,,Goalkeeper,Movimiento a Melbourne City
James Delianov,2019-07-01,Melbourne City,Western United,0.0,Goalkeeper,Movimiento a Western United
James Jeggo,2024-01-30,Hibernian FC,Melbourne City,0.0,Midfield,Movimiento a Melbourne City
James McAtee,2023-07-01,Man City U21,Man City,,Midfield,Movimiento a Man City
James McAtee,2023-09-01,Man City,Sheff Utd,0.0,Midfield,Movimiento a Sheff Utd
James McAtee,2024-05-31,Sheff Utd,Man City,0.0,Midfield,Movimiento a Man City
James McAtee,2025-08-16,Man City,Nott'm Forest,25500000.0,Midfield,Movimiento a Nott'm Forest
James Milner,2010-08-17,Aston Villa,Man City,22000000.0,Midfield,Movimiento a Man City
James Milner,2015-07-01,Man City,Liverpool,0.0,Midfield,Movimiento a Liverpool
James Nieuwenhuizen,2021-07-01,M. City U21,Melbourne City,,Goalkeeper,Movimiento a Melbourne City
James Trafford,2023-07-01,Man City U21,Man City,,Goalkeeper,Movimiento a Man City
James Trafford,2023-07-20,Man City,Burnley,17300000.0,Goalkeeper,Movimiento a Burnley
James Trafford,2025-07-29,Burnley,Man City,31200000.0,Goalkeeper,Movimiento a Man City
Jastin Garcia,2025-07-01,Girona FC B,Girona,,Attack,Movimiento a Girona
Jastin Garcia,2025-08-08,Girona,FC Andorra,0.0,Attack,Movimiento a FC Andorra
Jastin Garcia,2026-06-30,FC Andorra,Girona,0.0,Attack,Movimiento a Girona
Javi Hernández,2022-08-19,CD Leganés,Girona,0.0,Defender,Movimiento a Girona
Javi Hernández,2023-06-30,Girona,CD Leganés,0.0,Defender,Movimiento a CD Leganés
Jayden Necovski,2024-04-24,M. City U21,Melbourne City,,Defender,Movimiento a Melbourne City
Jesse Joronen,2025-08-21,Venezia,Palermo,0.0,Goalkeeper,Movimiento a Palermo
Jesús Navas,2013-07-01,Sevilla FC,Man City,20000000.0,Midfield,Movimiento a Man City
Jesús Navas,2017-08-01,Man City,Sevilla FC,0.0,Midfield,Movimiento a Sevilla FC
Jhon Solís,2023-09-01,Atl. Nacional,Girona,6000000.0,Midfield,Movimiento a Girona
Jhon Solís,2026-01-17,Girona,Birmingham,0.0,Midfield,Movimiento a Birmingham
Jhon Solís,2026-06-30,Birmingham,Girona,0.0,Midfield,Movimiento a Girona
Joe Gauci,2019-09-09,M. City U21,Melbourne City,,Goalkeeper,Movimiento a Melbourne City
Joe Gauci,2020-10-07,Melbourne City,Adelaide United,0.0,Goalkeeper,Movimiento a Adelaide United
Joe Hart,2006-07-01,Shrewsbury,Man City,900000.0,Goalkeeper,Movimiento a Man City
Joe Hart,2007-01-01,Man City,Tranmere Rovers,0.0,Goalkeeper,Movimiento a Tranmere Rovers
Joe Hart,2007-02-01,Tranmere Rovers,Man City,0.0,Goalkeeper,Movimiento a Man City
Joe Hart,2007-04-01,Man City,Blackpool,0.0,Goalkeeper,Movimiento a Blackpool
Joe Hart,2007-05-01,Blackpool,Man City,0.0,Goalkeeper,Movimiento a Man City
Joe Hart,2009-07-01,Man City,Birmingham,0.0,Goalkeeper,Movimiento a Birmingham
Joe Hart,2010-05-31,Birmingham,Man City,0.0,Goalkeeper,Movimiento a Man City
Joe Hart,2016-08-31,Man City,Torino,0.0,Goalkeeper,Movimiento a Torino
Joe Hart,2017-06-30,Torino,Man City,0.0,Goalkeeper,Movimiento a Man City
Joe Hart,2017-07-18,Man City,West Ham,0.0,Goalkeeper,Movimiento a West Ham
Joe Hart,2018-05-31,West Ham,Man City,0.0,Goalkeeper,Movimiento a Man City
Joe Hart,2018-08-07,Man City,Burnley,3900000.0,Goalkeeper,Movimiento a Burnley
Joel Roca,2024-07-01,Girona FC B,Girona,,Attack,Movimiento a Girona
Joel Roca,2024-08-20,Girona,CD Mirandés,0.0,Attack,Movimiento a CD Mirandés
Joel Roca,2025-06-30,CD Mirandés,Girona,0.0,Attack,Movimiento a Girona
Johan Mojica,2017-01-31,Rayo Vallecano,Girona,0.0,Defender,Movimiento a Girona
Johan Mojica,2017-06-30,Girona,Rayo Vallecano,0.0,Defender,Movimiento a Rayo Vallecano
Johan Mojica,2017-08-18,Rayo Vallecano,Girona,0.0,Defender,Movimiento a Girona
Johan Mojica,2018-06-30,Girona,Rayo Vallecano,0.0,Defender,Movimiento a Rayo Vallecano
Johan Mojica,2018-07-01,Rayo Vallecano,Girona,5000000.0,Defender,Movimiento a Girona
Johan Mojica,2020-09-22,Girona,Atalanta,0.0,Defender,Movimiento a Atalanta
Johan Mojica,2021-01-14,Atalanta,Girona,0.0,Defender,Movimiento a Girona
Johan Mojica,2021-01-15,Girona,Elche CF,0.0,Defender,Movimiento a Elche CF
Johan Mojica,2021-06-30,Elche CF,Girona,0.0,Defender,Movimiento a Girona
Johan Mojica,2021-08-08,Girona,Elche CF,1200000.0,Defender,Movimiento a Elche CF
John Stones,2016-08-09,Everton,Man City,55600000.0,Defender,Movimiento a Man City
John Stones,2026-07-01,Man City,Without Club,,Defender,Movimiento a Without Club
Jordan Bos,2021-01-11,M. City U21,Melbourne City,,Defender,Movimiento a Melbourne City
Jordan Bos,2023-07-01,Melbourne City,KVC Westerlo,1300000.0,Defender,Movimiento a KVC Westerlo
Josh Wilson-Esbrand,2023-01-01,Man City U21,Man City,,Defender,Movimiento a Man City
Josh Wilson-Esbrand,2023-01-10,Man City,Coventry,0.0,Defender,Movimiento a Coventry
Josh Wilson-Esbrand,2023-05-31,Coventry,Man City,0.0,Defender,Movimiento a Man City
Josh Wilson-Esbrand,2023-07-23,Man City,Stade Reims,0.0,Defender,Movimiento a Stade Reims
Josh Wilson-Esbrand,2024-01-31,Stade Reims,Man City,0.0,Defender,Movimiento a Man City
Josh Wilson-Esbrand,2024-02-01,Man City,Cardiff,0.0,Defender,Movimiento a Cardiff
Josh Wilson-Esbrand,2024-06-30,Cardiff,Man City,0.0,Defender,Movimiento a Man City
Josh Wilson-Esbrand,2025-01-22,Man City,Stoke City,0.0,Defender,Movimiento a Stoke City
Josh Wilson-Esbrand,2025-06-30,Stoke City,Man City,0.0,Defender,Movimiento a Man City
Josh Wilson-Esbrand,2025-09-08,Man City,Radomiak,0.0,Defender,Movimiento a Radomiak
Josh Wilson-Esbrand,2026-06-30,Radomiak,Man City,0.0,Defender,Movimiento a Man City
Joshua Brillante,2019-07-08,Sydney FC,Melbourne City,0.0,Midfield,Movimiento a Melbourne City
Joshua Brillante,2020-10-04,Melbourne City,Xanthi,0.0,Midfield,Movimiento a Xanthi
Josip Posavec,2016-01-07,Inter Zapresic,US Palermo,500000.0,Goalkeeper,Movimiento a US Palermo
Josip Posavec,2018-07-16,US Palermo,Hajduk Split,0.0,Goalkeeper,Movimiento a Hajduk Split
Josip Posavec,2019-06-30,Hajduk Split,US Palermo,0.0,Goalkeeper,Movimiento a US Palermo
Josip Posavec,2019-07-08,Palermo,Hajduk Split,200000.0,Goalkeeper,Movimiento a Hajduk Split
Josko Gvardiol,2023-08-05,Leipzig,Man City,90000000.0,Defender,Movimiento a Man City
José Aurelio Suárez,2019-07-01,CF Peralada,Girona,,Goalkeeper,Movimiento a Girona
José Aurelio Suárez,2021-01-18,Girona,Gimnàstic,0.0,Goalkeeper,Movimiento a Gimnàstic
José Pozo,2014-07-01,Man City U18,Man City,,Midfield,Movimiento a Man City
José Pozo,2015-08-31,Man City,UD Almería,500000.0,Midfield,Movimiento a UD Almería
João Cancelo,2019-08-07,Juventus,Man City,65000000.0,Defender,Movimiento a Man City
João Cancelo,2023-01-31,Man City,Bayern Munich,0.0,Defender,Movimiento a Bayern Munich
João Cancelo,2023-06-30,Bayern Munich,Man City,0.0,Defender,Movimiento a Man City
João Cancelo,2023-09-01,Man City,Barcelona,0.0,Defender,Movimiento a Barcelona
João Cancelo,2024-06-30,Barcelona,Man City,0.0,Defender,Movimiento a Man City
João Cancelo,2024-08-27,Man City,Al-Hilal,25000000.0,Defender,Movimiento a Al-Hilal
João Pedro,2010-08-01,Atlético-MG,US Palermo,2500000.0,Attack,Movimiento a US Palermo
João Pedro,2011-01-01,US Palermo,Vit. Guimarães,0.0,Attack,Movimiento a Vit. Guimarães
João Pedro,2011-06-30,Vit. Guimarães,US Palermo,0.0,Attack,Movimiento a US Palermo
João Pedro,2011-08-01,US Palermo,Peñarol,0.0,Attack,Movimiento a Peñarol
João Pedro,2012-06-30,Peñarol,US Palermo,0.0,Attack,Movimiento a US Palermo
João Pedro,2012-07-04,US Palermo,Desp. Brasil,0.0,Attack,Movimiento a Desp. Brasil
Juan Carlos,2019-07-01,CD Lugo,Girona,0.0,Goalkeeper,Movimiento a Girona
Juanpe,2016-07-07,Granada CF,Girona,0.0,Defender,Movimiento a Girona
Juanpe,2025-07-03,Girona,San Luis,0.0,Defender,Movimiento a San Luis
Julián Alvarez,2022-01-31,River Plate,Man City,21400000.0,Attack,Movimiento a Man City
Julián Alvarez,2022-02-01,Man City,River Plate,0.0,Attack,Movimiento a River Plate
Julián Alvarez,2022-07-07,River Plate,Man City,0.0,Attack,Movimiento a Man City
Julián Alvarez,2024-08-12,Man City,Atlético,75000000.0,Attack,Movimiento a Atlético
Juma Bah,2025-01-27,Real Valladolid,Man City,6000000.0,Defender,Movimiento a Man City
Juma Bah,2025-01-28,Man City,Lens,0.0,Defender,Movimiento a Lens
Juma Bah,2025-06-30,Lens,Man City,0.0,Defender,Movimiento a Man City
Juma Bah,2025-07-01,Man City,Nice,0.0,Defender,Movimiento a Nice
Juma Bah,2026-06-30,Nice,Man City,0.0,Defender,Movimiento a Man City
Jérémy Doku,2023-08-24,Stade Rennais,Man City,60000000.0,Attack,Movimiento a Man City
Jérôme Boateng,2010-07-01,Hamburger SV,Man City,12500000.0,Defender,Movimiento a Man City
Jérôme Boateng,2011-07-14,Man City,Bayern Munich,13500000.0,Defender,Movimiento a Bayern Munich
Kai Trewin,2024-07-01,Brisbane Roar,Melbourne City,0.0,Midfield,Movimiento a Melbourne City
Kai Trewin,2026-01-27,Melbourne City,New York City,830000.0,Midfield,Movimiento a New York City
Kalvin Phillips,2022-07-04,Leeds,Man City,49000000.0,Midfield,Movimiento a Man City
Kalvin Phillips,2024-01-26,Man City,West Ham,0.0,Midfield,Movimiento a West Ham
Kalvin Phillips,2024-06-30,West Ham,Man City,0.0,Midfield,Movimiento a Man City
Kalvin Phillips,2024-08-16,Man City,Ipswich,0.0,Midfield,Movimiento a Ipswich
Kalvin Phillips,2025-06-30,Ipswich,Man City,0.0,Midfield,Movimiento a Man City
Kalvin Phillips,2026-02-02,Man City,Sheff Utd,0.0,Midfield,Movimiento a Sheff Utd
Kalvin Phillips,2026-06-30,Sheff Utd,Man City,0.0,Midfield,Movimiento a Man City
Kamil Glik,2010-07-01,Piast Gliwice,US Palermo,1000000.0,Defender,Movimiento a US Palermo
Kamil Glik,2011-01-01,US Palermo,Bari,0.0,Defender,Movimiento a Bari
Kamil Glik,2011-06-30,Bari,US Palermo,0.0,Defender,Movimiento a US Palermo
Kamil Glik,2011-07-01,US Palermo,Torino,2350000.0,Defender,Movimiento a Torino
Kasper Schmeichel,2007-07-01,Man City Res.,Man City,,Goalkeeper,Movimiento a Man City
Kasper Schmeichel,2007-10-25,Man City,Cardiff,0.0,Goalkeeper,Movimiento a Cardiff
Kasper Schmeichel,2008-01-02,Cardiff,Man City,0.0,Goalkeeper,Movimiento a Man City
Kasper Schmeichel,2008-03-13,Man City,Coventry,0.0,Goalkeeper,Movimiento a Coventry
Kasper Schmeichel,2008-05-31,Coventry,Man City,0.0,Goalkeeper,Movimiento a Man City
Kasper Schmeichel,2009-08-14,Man City,Notts County,0.0,Goalkeeper,Movimiento a Notts County
Kavian Rahmani,2024-10-23,M. City U21,Melbourne City,,Attack,Movimiento a Melbourne City
Kelechi Iheanacho,2015-07-01,Man City U18,Man City,,Attack,Movimiento a Man City
Kelechi Iheanacho,2017-08-03,Man City,Leicester,27700000.0,Attack,Movimiento a Leicester
Kevin De Bruyne,2015-08-30,Wolfsburg,Man City,76000000.0,Midfield,Movimiento a Man City
Kevin De Bruyne,2025-07-01,Man City,Napoli,0.0,Midfield,Movimiento a Napoli
Ko Itakura,2019-01-14,Kawasaki Front.,Man City,1100000.0,Defender,Movimiento a Man City
Ko Itakura,2019-01-15,Man City,FC Groningen,0.0,Defender,Movimiento a FC Groningen
Ko Itakura,2020-06-30,FC Groningen,Man City,0.0,Defender,Movimiento a Man City
Ko Itakura,2020-07-27,Man City,FC Groningen,0.0,Defender,Movimiento a FC Groningen
Ko Itakura,2021-06-30,FC Groningen,Man City,0.0,Defender,Movimiento a Man City
Ko Itakura,2021-08-19,Man City,FC Schalke 04,0.0,Defender,Movimiento a FC Schalke 04
Ko Itakura,2022-06-30,FC Schalke 04,Man City,0.0,Defender,Movimiento a Man City
Ko Itakura,2022-07-02,Man City,Mönchengladbach,5000000.0,Defender,Movimiento a Mönchengladbach
Kristoffer Lund,2023-08-21,Häcken,Palermo,2700000.0,Defender,Movimiento a Palermo
Kristoffer Lund,2025-08-05,Palermo,1.FC Köln,0.0,Defender,Movimiento a 1.FC Köln
Kristoffer Lund,2026-06-30,1.FC Köln,Palermo,0.0,Defender,Movimiento a Palermo
Kyle Walker,2017-07-14,Tottenham,Man City,52700000.0,Defender,Movimiento a Man City
Kyle Walker,2025-01-24,Man City,AC Milan,0.0,Defender,Movimiento a AC Milan
Kyle Walker,2025-06-30,AC Milan,Man City,0.0,Defender,Movimiento a Man City
Kyle Walker,2025-07-05,Man City,Burnley,5000000.0,Defender,Movimiento a Burnley
Lachie Charles,2025-07-01,M. City U21,Melbourne City,,Goalkeeper,Movimiento a Melbourne City
Lachlan Wales,2018-07-01,Central Coast,Melbourne City,0.0,Attack,Movimiento a Melbourne City
Lachlan Wales,2020-09-09,Melbourne City,Western United,0.0,Attack,Movimiento a Western United
Ladislav Krejci,2024-07-01,Sparta Prague,Girona,12000000.0,Defender,Movimiento a Girona
Ladislav Krejci,2025-08-28,Girona,Wolves,0.0,Defender,Movimiento a Wolves
Ladislav Krejci,2026-06-30,Wolves,Girona,0.0,Defender,Movimiento a Girona
Ladislav Krejci,2026-07-01,Girona,Wolves,7500000.0,Defender,Movimiento a Wolves
Lawrence Wong,2024-07-31,M. City U21,Melbourne City,,Midfield,Movimiento a Melbourne City
Leo Stulac,2022-08-18,FC Empoli,Palermo,0.0,Midfield,Movimiento a Palermo
Leo Stulac,2023-06-30,Palermo,FC Empoli,0.0,Midfield,Movimiento a FC Empoli
Leo Stulac,2023-07-01,FC Empoli,Palermo,1000000.0,Midfield,Movimiento a Palermo
Leo Stulac,2024-08-02,Palermo,Reggiana,0.0,Midfield,Movimiento a Reggiana
Leo Stulac,2026-01-01,Reggiana,Palermo,0.0,Midfield,Movimiento a Palermo
Leo Stulac,2026-01-02,Palermo,Reggiana,,Midfield,Movimiento a Reggiana
Leroy Sané,2016-08-02,FC Schalke 04,Man City,52000000.0,Attack,Movimiento a Man City
Leroy Sané,2020-07-15,Man City,Bayern Munich,49000000.0,Attack,Movimiento a Bayern Munich
Liam Bonetig,2025-07-11,Celtic B,Melbourne City,0.0,Defender,Movimiento a Melbourne City
Liam Henderson,2023-08-28,FC Empoli,Palermo,0.0,Midfield,Movimiento a Palermo
Liam Henderson,2024-06-30,Palermo,FC Empoli,0.0,Midfield,Movimiento a FC Empoli
Lorenzo Lucca,2020-01-31,Torino U19,Palermo,,Attack,Movimiento a Palermo
Lorenzo Lucca,2021-07-21,Palermo,Pisa,2650000.0,Attack,Movimiento a Pisa
Luka Ilic,2017-07-09,Red Star,Man City,2500000.0,Midfield,Movimiento a Man City
Luka Ilic,2017-07-11,Man City,Red Star,0.0,Midfield,Movimiento a Red Star
Luka Ilic,2018-06-30,Red Star,Man City,0.0,Midfield,Movimiento a Man City
Luka Ilic,2018-08-03,Man City,NAC Breda,0.0,Midfield,Movimiento a NAC Breda
Luka Ilic,2020-06-30,NAC Breda,Man City,0.0,Midfield,Movimiento a Man City
Luka Ilic,2020-10-05,Man City,FC Twente,0.0,Midfield,Movimiento a FC Twente
Luka Ilic,2022-01-01,FC Twente,Man City,0.0,Midfield,Movimiento a Man City
Luka Ilic,2022-01-30,Man City,Troyes,,Midfield,Movimiento a Troyes
Lukas Nmecha,2019-07-01,Man City U23,Man City,,Attack,Movimiento a Man City
Lukas Nmecha,2019-08-03,Man City,Wolfsburg,0.0,Attack,Movimiento a Wolfsburg
Lukas Nmecha,2020-01-02,Wolfsburg,Man City,0.0,Attack,Movimiento a Man City
Lukas Nmecha,2020-01-03,Man City,Middlesbrough,0.0,Attack,Movimiento a Middlesbrough
Lukas Nmecha,2020-07-31,Middlesbrough,Man City,0.0,Attack,Movimiento a Man City
Lukas Nmecha,2020-08-20,Man City,RSC Anderlecht,0.0,Attack,Movimiento a RSC Anderlecht
Lukas Nmecha,2021-06-30,RSC Anderlecht,Man City,0.0,Attack,Movimiento a Man City
Lukas Nmecha,2021-07-16,Man City,Wolfsburg,8000000.0,Attack,Movimiento a Wolfsburg
Luke Brattan,2015-10-26,Brisbane Roar,Man City,0.0,Midfield,Movimiento a Man City
Luke Brattan,2015-10-27,Man City,Bolton,0.0,Midfield,Movimiento a Bolton
Luke Brattan,2015-12-21,Bolton,Man City,0.0,Midfield,Movimiento a Man City
Luke Brattan,2016-07-01,Man City,Melbourne City,0.0,Midfield,Movimiento a Melbourne City
Luke Brattan,2019-06-30,Melbourne City,Man City,0.0,Midfield,Movimiento a Man City
Luke Brattan,2019-07-19,Man City,Sydney FC,0.0,Midfield,Movimiento a Sydney FC
Mamadou Coulibaly,2023-09-01,Salernitana,Palermo,0.0,Midfield,Movimiento a Palermo
Mamadou Coulibaly,2024-06-30,Palermo,Salernitana,0.0,Midfield,Movimiento a Salernitana
Mamadou Sylla,2020-10-09,Without Club,Girona,,Attack,Movimiento a Girona
Mamadou Sylla,2021-08-20,Girona,Alavés,1150000.0,Attack,Movimiento a Alavés
Manu García,2018-07-01,Man City U23,Man City,,Midfield,Movimiento a Man City
Manu García,2018-07-07,Man City,Toulouse,0.0,Midfield,Movimiento a Toulouse
Manu García,2019-06-30,Toulouse,Man City,0.0,Midfield,Movimiento a Man City
Manu García,2019-07-19,Man City,Sporting Gijón,4000000.0,Midfield,Movimiento a Sporting Gijón
Manu Vallejo,2022-09-01,Valencia,Girona,0.0,Attack,Movimiento a Girona
Manu Vallejo,2023-01-27,Girona,Real Oviedo,0.0,Attack,Movimiento a Real Oviedo
Manu Vallejo,2023-06-30,Real Oviedo,Girona,0.0,Attack,Movimiento a Girona
Manu Vallejo,2023-08-23,Girona,Real Zaragoza,0.0,Attack,Movimiento a Real Zaragoza
Manu Vallejo,2024-06-30,Real Zaragoza,Girona,0.0,Attack,Movimiento a Girona
Manuel Akanji,2022-09-01,Dortmund,Man City,20000000.0,Defender,Movimiento a Man City
Manuel Akanji,2025-09-01,Man City,Inter,0.0,Defender,Movimiento a Inter
Manuel Akanji,2026-06-30,Inter,Man City,0.0,Defender,Movimiento a Man City
Manuel Akanji,2026-07-01,Man City,Inter,15000000.0,Defender,Movimiento a Inter
Marc Gual,2019-07-01,Sevilla FC,Girona,0.0,Attack,Movimiento a Girona
Marc Gual,2020-01-29,Girona,Sevilla FC,0.0,Attack,Movimiento a Sevilla FC
Marc Guéhi,2026-01-19,Crystal Palace,Man City,23000000.0,Defender,Movimiento a Man City
Marc Muniesa,2017-08-11,Stoke City,Girona,0.0,Defender,Movimiento a Girona
Marc Muniesa,2018-06-30,Girona,Stoke City,0.0,Defender,Movimiento a Stoke City
Marc Muniesa,2018-07-01,Stoke City,Girona,5000000.0,Defender,Movimiento a Girona
Marc Muniesa,2019-08-19,Girona,Al-Arabi SC,1200000.0,Defender,Movimiento a Al-Arabi SC
Marc-André ter Stegen,2026-01-20,Barcelona,Girona,0.0,Goalkeeper,Movimiento a Girona
Marc-André ter Stegen,2026-06-30,Girona,Barcelona,0.0,Goalkeeper,Movimiento a Barcelona
Marco Sala,2022-07-28,Sassuolo,Palermo,0.0,Defender,Movimiento a Palermo
Marco Sala,2023-06-30,Palermo,Sassuolo,0.0,Defender,Movimiento a Sassuolo
Marco Tilio,2020-09-10,Sydney FC,Melbourne City,0.0,Attack,Movimiento a Melbourne City
Marco Tilio,2023-07-01,Melbourne City,Celtic,1750000.0,Attack,Movimiento a Celtic
Marco Tilio,2024-02-01,Celtic,Melbourne City,0.0,Attack,Movimiento a Melbourne City
Marco Tilio,2025-06-30,Melbourne City,Celtic,0.0,Attack,Movimiento a Celtic
Marcus Bettinelli,2025-06-10,Chelsea,Man City,2400000.0,Goalkeeper,Movimiento a Man City
Marcus Younis,2026-01-23,Bröndby IF,Melbourne City,0.0,Attack,Movimiento a Melbourne City
Marcus Younis,2026-06-30,Melbourne City,Bröndby IF,0.0,Attack,Movimiento a Bröndby IF
Mario Balotelli,2010-08-12,Inter,Man City,29500000.0,Attack,Movimiento a Man City
Mario Balotelli,2013-01-31,Man City,AC Milan,20000000.0,Attack,Movimiento a AC Milan
Mark Birighitti,2018-09-11,NAC Breda,Melbourne City,0.0,Goalkeeper,Movimiento a Melbourne City
Mark Birighitti,2019-08-01,Melbourne City,Central Coast,0.0,Goalkeeper,Movimiento a Central Coast
Marlos Moreno,2016-08-05,Atl. Nacional,Man City,5500000.0,Attack,Movimiento a Man City
Marlos Moreno,2016-08-06,Man City,Dep. La Coruña,0.0,Attack,Movimiento a Dep. La Coruña
Marlos Moreno,2017-06-30,Dep. La Coruña,Man City,0.0,Attack,Movimiento a Man City
Marlos Moreno,2017-08-10,Man City,Girona,0.0,Attack,Movimiento a Girona
Marlos Moreno,2018-01-15,Girona,Man City,0.0,Attack,Movimiento a Man City
Marlos Moreno,2018-01-16,Man City,Flamengo,0.0,Attack,Movimiento a Flamengo
Marlos Moreno,2018-12-31,Flamengo,Man City,0.0,Attack,Movimiento a Man City
Marlos Moreno,2019-01-25,Man City,Santos Laguna,0.0,Attack,Movimiento a Santos Laguna
Marlos Moreno,2019-06-30,Santos Laguna,Man City,0.0,Attack,Movimiento a Man City
Marlos Moreno,2019-07-31,Man City,Portimonense,0.0,Attack,Movimiento a Portimonense
Marlos Moreno,2020-06-30,Portimonense,Man City,0.0,Attack,Movimiento a Man City
Marlos Moreno,2020-09-27,Man City,Lommel SK,0.0,Attack,Movimiento a Lommel SK
Marlos Moreno,2021-06-30,Lommel SK,Man City,0.0,Attack,Movimiento a Man City
Marlos Moreno,2021-07-01,Man City,KV Kortrijk,0.0,Attack,Movimiento a KV Kortrijk
Marlos Moreno,2022-06-30,KV Kortrijk,Man City,0.0,Attack,Movimiento a Man City
Marlos Moreno,2022-09-01,Man City,Troyes,,Attack,Movimiento a Troyes
Mateo Kovacic,2023-07-01,Chelsea,Man City,29100000.0,Midfield,Movimiento a Man City
Matheus Nunes,2023-09-01,Wolves,Man City,62000000.0,Defender,Movimiento a Man City
Mathew Baker,2025-09-30,M. City U21,Melbourne City,,Defender,Movimiento a Melbourne City
Mathew Leckie,2021-07-01,Hertha BSC,Melbourne City,0.0,Attack,Movimiento a Melbourne City
Matija Nastasić,2012-08-31,Fiorentina,Man City,15200000.0,Defender,Movimiento a Man City
Matija Nastasić,2015-01-12,Man City,FC Schalke 04,0.0,Defender,Movimiento a FC Schalke 04
Matija Nastasić,2015-06-30,FC Schalke 04,Man City,0.0,Defender,Movimiento a Man City
Matija Nastasić,2015-07-01,Man City,FC Schalke 04,9500000.0,Defender,Movimiento a FC Schalke 04
Matt Sutton,2020-09-10,Melb. Victory,Melbourne City,0.0,Goalkeeper,Movimiento a Melbourne City
Matt Sutton,2023-07-01,Melbourne City,Western United,0.0,Goalkeeper,Movimiento a Western United
Matteo Darmian,2010-07-12,AC Milan,US Palermo,1300000.0,Defender,Movimiento a US Palermo
Matteo Darmian,2011-07-12,US Palermo,Torino,0.0,Defender,Movimiento a Torino
Matteo Darmian,2012-06-30,Torino,US Palermo,0.0,Defender,Movimiento a US Palermo
Matteo Darmian,2012-07-05,US Palermo,Torino,2330000.0,Defender,Movimiento a Torino
Mattia Felici,2019-08-21,Lecce,Palermo,0.0,Attack,Movimiento a Palermo
Mattia Felici,2020-06-30,Palermo,Lecce,0.0,Attack,Movimiento a Lecce
Mattia Felici,2022-01-05,Lecce,Palermo,0.0,Attack,Movimiento a Palermo
Mattia Felici,2022-07-21,Palermo,Lecce,0.0,Attack,Movimiento a Lecce
Max Alleyne,2026-01-06,Man City U21,Man City,,Defender,Movimiento a Man City
Max Caputo,2021-07-01,M. City U21,Melbourne City,,Attack,Movimiento a Melbourne City
Maximiliano Villa,2019-07-01,CF Peralada,Girona,,Defender,Movimiento a Girona
Maximiliano Villa,2019-08-16,Girona,Ponferradina,0.0,Defender,Movimiento a Ponferradina
Maximiliano Villa,2020-07-21,Ponferradina,Girona,0.0,Defender,Movimiento a Girona
Maximiliano Villa,2020-09-21,Girona,Villarreal CF B,0.0,Defender,Movimiento a Villarreal CF B
Maximiliano Villa,2021-06-30,Villarreal CF B,Girona,0.0,Defender,Movimiento a Girona
Maximiliano Villa,2021-08-31,Girona,Girona FC B,,Defender,Movimiento a Girona FC B
Medin Memeti,2024-07-16,M. City U21,Melbourne City,,Attack,Movimiento a Melbourne City
Miguel Gutiérrez,2022-08-05,Real Madrid,Girona,11000000.0,Defender,Movimiento a Girona
Miguel Gutiérrez,2025-08-19,Girona,Napoli,18000000.0,Defender,Movimiento a Napoli
Min-su Kim,2025-07-01,Girona FC B,Girona,,Attack,Movimiento a Girona
Min-su Kim,2025-07-15,Girona,FC Andorra,0.0,Attack,Movimiento a FC Andorra
Min-su Kim,2026-06-30,FC Andorra,Girona,0.0,Attack,Movimiento a Girona
Mladen Devetak,2022-08-03,Vojvodina,Palermo,40000.0,Defender,Movimiento a Palermo
Mladen Devetak,2023-01-04,Palermo,Viterbese,0.0,Defender,Movimiento a Viterbese
Mladen Devetak,2023-06-30,Viterbese,Palermo,0.0,Defender,Movimiento a Palermo
Mladen Devetak,2023-07-13,Palermo,NK Istra,0.0,Defender,Movimiento a NK Istra
Mladen Devetak,2024-06-30,NK Istra,Palermo,0.0,Defender,Movimiento a Palermo
Mladen Devetak,2024-08-06,Palermo,HNK Rijeka,,Defender,Movimiento a HNK Rijeka
Monchu,2020-09-22,Barcelona,Girona,0.0,Midfield,Movimiento a Girona
Monchu,2021-06-30,Girona,Barcelona,0.0,Midfield,Movimiento a Barcelona
Máximo Perrone,2023-01-23,Vélez Sarsfield,Man City,11000000.0,Midfield,Movimiento a Man City
Máximo Perrone,2023-08-23,Man City,UD Las Palmas,0.0,Midfield,Movimiento a UD Las Palmas
Máximo Perrone,2024-06-30,UD Las Palmas,Man City,0.0,Midfield,Movimiento a Man City
Máximo Perrone,2024-08-25,Man City,Como,0.0,Midfield,Movimiento a Como
Máximo Perrone,2025-06-30,Como,Man City,0.0,Midfield,Movimiento a Man City
Máximo Perrone,2025-07-18,Man City,Como,13000000.0,Midfield,Movimiento a Como
Nahuel Bustos,2020-10-04,CA Talleres,Man City,6500000.0,Attack,Movimiento a Man City
Nahuel Bustos,2020-10-05,Man City,Girona,0.0,Attack,Movimiento a Girona
Nahuel Bustos,2022-06-30,Girona,Man City,0.0,Attack,Movimiento a Man City
Nahuel Bustos,2022-08-05,Man City,São Paulo,0.0,Attack,Movimiento a São Paulo
Nahuel Bustos,2022-12-31,São Paulo,Man City,0.0,Attack,Movimiento a Man City
Nahuel Bustos,2023-01-03,Man City,CA Talleres,0.0,Attack,Movimiento a CA Talleres
Nahuel Bustos,2023-06-30,CA Talleres,Man City,0.0,Attack,Movimiento a Man City
Nahuel Bustos,2023-07-01,Man City,CA Talleres,0.0,Attack,Movimiento a CA Talleres
Naoki Tsubaki,2020-12-01,Yokohama F. M.,Melbourne City,0.0,Attack,Movimiento a Melbourne City
Naoki Tsubaki,2021-06-30,Melbourne City,Yokohama F. M.,0.0,Attack,Movimiento a Yokohama F. M.
Nathan Aké,2020-08-05,Bournemouth,Man City,45300000.0,Defender,Movimiento a Man City
Nathaniel Atkinson,2018-01-01,M. City U21,Melbourne City,,Defender,Movimiento a Melbourne City
Nathaniel Atkinson,2022-01-01,Melbourne City,Heart of Midl.,,Defender,Movimiento a Heart of Midl.
Nathaniel Atkinson,2024-09-16,Heart of Midl.,Melbourne City,0.0,Defender,Movimiento a Melbourne City
Niccolò Pierozzi,2024-07-25,Fiorentina,Palermo,1000000.0,Defender,Movimiento a Palermo
Nico González,2025-02-03,Porto,Man City,60000000.0,Midfield,Movimiento a Man City
Nico O'Reilly,2024-07-01,Man City U21,Man City,,Defender,Movimiento a Man City
Nicolas Haas,2018-07-25,Atalanta BC,US Palermo,0.0,Midfield,Movimiento a US Palermo
Nicolas Haas,2019-06-30,US Palermo,Atalanta BC,0.0,Midfield,Movimiento a Atalanta BC
Nicolas Viola,2012-07-01,Reggina,US Palermo,1800000.0,Midfield,Movimiento a US Palermo
Nicolas Viola,2013-08-01,US Palermo,Ternana,,Midfield,Movimiento a Ternana
Nicolas Viola,2015-07-01,Ternana,US Palermo,,Midfield,Movimiento a US Palermo
Nicolas Viola,2015-08-02,US Palermo,Novara,0.0,Midfield,Movimiento a Novara
Nicolás Colazo,2016-09-20,Boca Juniors,Melbourne City,0.0,Defender,Movimiento a Melbourne City
Nicolás Colazo,2017-06-30,Melbourne City,Boca Juniors,0.0,Defender,Movimiento a Boca Juniors
Nicolás Otamendi,2015-08-20,Valencia,Man City,44500000.0,Defender,Movimiento a Man City
Nicolás Otamendi,2020-09-29,Man City,Benfica,15000000.0,Defender,Movimiento a Benfica
Oleksandr Zinchenko,2016-07-04,Ufa,Man City,2250000.0,Defender,Movimiento a Man City
Oleksandr Zinchenko,2016-08-26,Man City,PSV,0.0,Defender,Movimiento a PSV
Oleksandr Zinchenko,2017-06-30,PSV,Man City,0.0,Defender,Movimiento a Man City
Oleksandr Zinchenko,2022-07-22,Man City,Arsenal,35000000.0,Defender,Movimiento a Arsenal
Omar Marmoush,2025-01-23,Frankfurt,Man City,75000000.0,Attack,Movimiento a Man City
Oriol Romeu,2022-09-01,Southampton,Girona,5500000.0,Midfield,Movimiento a Girona
Oriol Romeu,2023-07-19,Girona,Barcelona,3400000.0,Midfield,Movimiento a Barcelona
Oriol Romeu,2024-08-05,Barcelona,Girona,0.0,Midfield,Movimiento a Girona
Oriol Romeu,2025-06-30,Girona,Barcelona,0.0,Midfield,Movimiento a Barcelona
Oscar Bobb,2023-07-01,Man City U21,Man City,,Attack,Movimiento a Man City
Oscar Bobb,2026-01-30,Man City,Fulham,31200000.0,Attack,Movimiento a Fulham
Pablo Maffeo,2016-01-13,Man City U21,Girona,0.0,Defender,Movimiento a Girona
Pablo Maffeo,2016-06-30,Girona,Man City U21,0.0,Defender,Movimiento a Man City U21
Pablo Maffeo,2016-07-01,Man City U23,Man City,,Defender,Movimiento a Man City
Pablo Maffeo,2017-01-01,Man City,Girona,0.0,Defender,Movimiento a Girona
Pablo Maffeo,2017-06-30,Girona,Man City,0.0,Defender,Movimiento a Man City
Pablo Maffeo,2017-07-31,Man City,Girona,0.0,Defender,Movimiento a Girona
Pablo Maffeo,2018-06-30,Girona,Man City,0.0,Defender,Movimiento a Man City
Pablo Maffeo,2018-07-01,Man City,Stuttgart,9000000.0,Defender,Movimiento a Stuttgart
Pablo Maffeo,2019-07-01,Stuttgart,Girona,0.0,Defender,Movimiento a Girona
Pablo Maffeo,2020-08-24,Girona,Stuttgart,0.0,Defender,Movimiento a Stuttgart
Pablo Marí,2016-08-15,Gimnàstic,Man City,200000.0,Defender,Movimiento a Man City
Pablo Marí,2016-08-16,Man City,Girona,0.0,Defender,Movimiento a Girona
Pablo Marí,2017-06-30,Girona,Man City,0.0,Defender,Movimiento a Man City
Pablo Marí,2017-07-01,Man City,NAC Breda,0.0,Defender,Movimiento a NAC Breda
Pablo Marí,2018-06-30,NAC Breda,Man City,0.0,Defender,Movimiento a Man City
Pablo Marí,2018-07-01,Man City,Dep. La Coruña,0.0,Defender,Movimiento a Dep. La Coruña
Pablo Marí,2019-06-30,Dep. La Coruña,Man City,0.0,Defender,Movimiento a Man City
Pablo Marí,2019-07-11,Man City,Flamengo,1700000.0,Defender,Movimiento a Flamengo
Pablo Torre,2023-07-18,Barcelona,Girona,0.0,Midfield,Movimiento a Girona
Pablo Torre,2024-06-30,Girona,Barcelona,0.0,Midfield,Movimiento a Barcelona
Pajtim Kasami,2010-07-01,AC Bellinzona,US Palermo,300000.0,Midfield,Movimiento a US Palermo
Pajtim Kasami,2011-07-25,US Palermo,Fulham,1600000.0,Midfield,Movimiento a Fulham
Patrick Beach,2023-07-01,CCM Academy,Melbourne City,,Goalkeeper,Movimiento a Melbourne City
Pau López,2024-08-16,Marseille,Girona,0.0,Goalkeeper,Movimiento a Girona
Pau López,2025-02-01,Girona,Marseille,0.0,Goalkeeper,Movimiento a Marseille
Pau Víctor,2022-07-01,Girona FC B,Girona,,Attack,Movimiento a Girona
Pau Víctor,2022-08-29,Girona,CE Sabadell,0.0,Attack,Movimiento a CE Sabadell
Pau Víctor,2023-06-30,CE Sabadell,Girona,0.0,Attack,Movimiento a Girona
Pau Víctor,2023-08-17,Girona,Barça Atlètic,0.0,Attack,Movimiento a Barça Atlètic
Pau Víctor,2024-06-30,Barça Atlètic,Girona,0.0,Attack,Movimiento a Girona
Pau Víctor,2024-07-24,Girona,Barcelona,5500000.0,Attack,Movimiento a Barcelona
Paulo Dybala,2012-07-20,Instituto ACC,US Palermo,11900000.0,Attack,Movimiento a US Palermo
Paulo Dybala,2015-07-01,US Palermo,Juventus,41000000.0,Attack,Movimiento a Juventus
Paulo Gazzaniga,2022-09-01,Fulham,Girona,0.0,Goalkeeper,Movimiento a Girona
Paulo Gazzaniga,2023-06-30,Girona,Fulham,0.0,Goalkeeper,Movimiento a Fulham
Paulo Gazzaniga,2023-07-01,Fulham,Girona,0.0,Goalkeeper,Movimiento a Girona
Paulo Retre,2014-07-01,M. City U21,Melbourne City,,Midfield,Movimiento a Melbourne City
Paulo Retre,2017-07-01,Melbourne City,Sydney FC,0.0,Midfield,Movimiento a Sydney FC
Paweł Dawidowicz,2017-08-04,Benfica B,US Palermo,0.0,Defender,Movimiento a US Palermo
Paweł Dawidowicz,2018-06-30,US Palermo,Benfica B,0.0,Defender,Movimiento a Benfica B
Pedro Porro,2018-08-01,CF Peralada,Girona,,Defender,Movimiento a Girona
Pedro Porro,2019-08-08,Girona,Man City,12000000.0,Defender,Movimiento a Man City
Pedro Porro,2019-08-12,Man City,Real Valladolid,0.0,Defender,Movimiento a Real Valladolid
Pedro Porro,2020-07-20,Real Valladolid,Man City,0.0,Defender,Movimiento a Man City
Pedro Porro,2020-08-15,Man City,Sporting,0.0,Defender,Movimiento a Sporting
Pedro Porro,2022-06-30,Sporting,Man City,0.0,Defender,Movimiento a Man City
Pedro Porro,2022-07-01,Man City,Sporting,8770000.0,Defender,Movimiento a Sporting
Peter Antoniou,2024-08-01,M. City U21,Melbourne City,,Defender,Movimiento a Melbourne City
Phil Foden,2017-07-01,Man City U18,Man City,,Midfield,Movimiento a Man City
Philippe Sandler,2018-07-31,PEC Zwolle,Man City,2500000.0,Defender,Movimiento a Man City
Philippe Sandler,2019-07-17,Man City,RSC Anderlecht,0.0,Defender,Movimiento a RSC Anderlecht
Philippe Sandler,2020-06-30,RSC Anderlecht,Man City,0.0,Defender,Movimiento a Man City
Philippe Sandler,2021-08-31,Man City,Troyes,0.0,Defender,Movimiento a Troyes
Philippe Sandler,2022-01-25,Troyes,Man City,0.0,Defender,Movimiento a Man City
Philippe Sandler,2022-01-31,Man City,Feyenoord,0.0,Defender,Movimiento a Feyenoord
Pol Lozano,2021-08-30,Espanyol,Girona,0.0,Midfield,Movimiento a Girona
Pol Lozano,2022-06-30,Girona,Espanyol,0.0,Midfield,Movimiento a Espanyol
Portu,2016-07-01,Albacete,Girona,0.0,Attack,Movimiento a Girona
Portu,2019-07-01,Girona,Real Sociedad,10000000.0,Attack,Movimiento a Real Sociedad
Portu,2023-09-01,Getafe,Girona,1500000.0,Attack,Movimiento a Girona
Przemyslaw Szyminski,2017-08-01,Wisla Plock,US Palermo,250000.0,Defender,Movimiento a US Palermo
Przemyslaw Szyminski,2019-07-24,Palermo,Frosinone,0.0,Defender,Movimiento a Frosinone
Quinn MacNicol,2026-07-01,Brisbane Roar,Melbourne City,0.0,Midfield,Movimiento a Melbourne City
Radosław Murawski,2017-07-21,Piast Gliwice,US Palermo,650000.0,Midfield,Movimiento a US Palermo
Radosław Murawski,2019-07-30,Palermo,Denizlispor,0.0,Midfield,Movimiento a Denizlispor
Raheem Sterling,2015-07-14,Liverpool,Man City,63700000.0,Attack,Movimiento a Man City
Raheem Sterling,2022-07-13,Man City,Chelsea,56200000.0,Attack,Movimiento a Chelsea
Ramy Najjarine,2017-07-18,West Sydney II,Melbourne City,0.0,Attack,Movimiento a Melbourne City
Ramy Najjarine,2020-10-08,Melbourne City,Newcastle,0.0,Attack,Movimiento a Newcastle
Ramy Najjarine,2021-06-30,Newcastle,Melbourne City,0.0,Attack,Movimiento a Melbourne City
Ramy Najjarine,2021-07-01,Melbourne City,Western Sydney,0.0,Attack,Movimiento a Western Sydney
Ramón Terrats,2020-11-01,Girona FC B,Girona,,Midfield,Movimiento a Girona
Ramón Terrats,2023-01-18,Girona,Villarreal,0.0,Midfield,Movimiento a Villarreal
Ramón Terrats,2023-06-30,Villarreal,Girona,0.0,Midfield,Movimiento a Girona
Ramón Terrats,2023-07-01,Girona,Villarreal,2500000.0,Midfield,Movimiento a Villarreal
Rayan Aït-Nouri,2025-06-09,Wolves,Man City,36800000.0,Defender,Movimiento a Man City
Rayan Cherki,2025-06-10,Lyon,Man City,36500000.0,Midfield,Movimiento a Man City
Rayyan Baniya,2024-08-26,Trabzonspor,Palermo,0.0,Defender,Movimiento a Palermo
Rayyan Baniya,2025-06-30,Palermo,Trabzonspor,0.0,Defender,Movimiento a Trabzonspor
Reinier,2022-08-19,Real Madrid,Girona,0.0,Midfield,Movimiento a Girona
Reinier,2023-06-30,Girona,Real Madrid,0.0,Midfield,Movimiento a Real Madrid
Renzo Orihuela,2023-01-12,Mvd City Torque,Palermo,0.0,Defender,Movimiento a Palermo
Renzo Orihuela,2023-06-30,Palermo,Mvd City Torque,0.0,Defender,Movimiento a Mvd City Torque
Richard van der Venne,2022-07-01,RKC Waalwijk,Melbourne City,0.0,Midfield,Movimiento a Melbourne City
Richard van der Venne,2023-07-05,Melbourne City,FC St. Gallen,0.0,Midfield,Movimiento a FC St. Gallen
Rico Lewis,2022-07-01,Man City U18,Man City,,Defender,Movimiento a Man City
Riley McGree,2018-07-01,Club Brugge,Melbourne City,0.0,Midfield,Movimiento a Melbourne City
Riley McGree,2019-06-30,Melbourne City,Club Brugge,0.0,Midfield,Movimiento a Club Brugge
Ritchie De Laet,2018-09-14,Aston Villa,Melbourne City,0.0,Defender,Movimiento a Melbourne City
Ritchie De Laet,2019-06-30,Melbourne City,Aston Villa,0.0,Defender,Movimiento a Aston Villa
Riyad Mahrez,2018-07-10,Leicester,Man City,67800000.0,Attack,Movimiento a Man City
Riyad Mahrez,2023-07-28,Man City,Al-Ahli,35000000.0,Attack,Movimiento a Al-Ahli
Robin Quaison,2014-07-18,AIK,US Palermo,2000000.0,Attack,Movimiento a US Palermo
Robin Quaison,2017-01-31,US Palermo,Mainz,2500000.0,Attack,Movimiento a Mainz
Rodri,2019-07-04,Atlético,Man City,70000000.0,Midfield,Movimiento a Man City
Rodrigo Riquelme,2022-08-01,Atlético,Girona,0.0,Attack,Movimiento a Girona
Rodrigo Riquelme,2023-06-30,Girona,Atlético,0.0,Attack,Movimiento a Atlético
Roland Sallai,2016-08-04,Puskás AFC,US Palermo,0.0,Defender,Movimiento a US Palermo
Roland Sallai,2017-06-30,US Palermo,Puskás AFC,0.0,Defender,Movimiento a Puskás AFC
Rony Lopes,2012-08-15,Man City U18,Man City,,Attack,Movimiento a Man City
Rony Lopes,2014-07-07,Man City,Lille,0.0,Attack,Movimiento a Lille
Rony Lopes,2015-06-30,Lille,Man City,0.0,Attack,Movimiento a Man City
Rony Lopes,2015-08-28,Man City,Monaco,12000000.0,Attack,Movimiento a Monaco
Rubén Alcaraz,2015-07-01,CE L'Hospitalet,Girona,0.0,Midfield,Movimiento a Girona
Rubén Alcaraz,2017-07-11,Girona,UD Almería,0.0,Midfield,Movimiento a UD Almería
Rubén Alcaraz,2018-06-30,UD Almería,Girona,0.0,Midfield,Movimiento a Girona
Rubén Alcaraz,2018-08-03,Girona,Real Valladolid,1000000.0,Midfield,Movimiento a Real Valladolid
Rubén Blanco,2026-02-10,Without Club,Girona,,Goalkeeper,Movimiento a Girona
Rubén Sobrino,2015-08-28,Ponferradina,Man City,550000.0,Attack,Movimiento a Man City
Rubén Sobrino,2015-08-29,Man City,Girona,0.0,Attack,Movimiento a Girona
Rubén Sobrino,2016-06-30,Girona,Man City,0.0,Attack,Movimiento a Man City
Rubén Sobrino,2016-07-14,Man City,Alavés,0.0,Attack,Movimiento a Alavés
Rubén Sobrino,2017-06-30,Alavés,Man City,0.0,Attack,Movimiento a Man City
Rubén Sobrino,2017-07-06,Man City,Alavés,2000000.0,Attack,Movimiento a Alavés
Rui Modesto,2026-02-02,Udinese,Palermo,0.0,Attack,Movimiento a Palermo
Rui Modesto,2026-06-30,Palermo,Udinese,0.0,Attack,Movimiento a Udinese
Ruon Tongyik,2016-07-08,Adelaide U21,Melbourne City,,Defender,Movimiento a Melbourne City
Ruon Tongyik,2018-07-01,Melbourne City,Western Sydney,0.0,Defender,Movimiento a Western Sydney
Ryan Kalms,2025-10-03,M. City U21,Melbourne City,,Defender,Movimiento a Melbourne City
Ryan Teague,2026-01-14,KV Mechelen,Melbourne City,0.0,Midfield,Movimiento a Melbourne City
Ryan Teague,2026-06-30,Melbourne City,KV Mechelen,0.0,Midfield,Movimiento a KV Mechelen
Ryotaro Meshino,2019-08-08,Gamba Osaka,Man City,1000000.0,Attack,Movimiento a Man City
Ryotaro Meshino,2019-08-30,Man City,Heart of Midl.,0.0,Attack,Movimiento a Heart of Midl.
Ryotaro Meshino,2020-05-31,Heart of Midl.,Man City,0.0,Attack,Movimiento a Man City
Ryotaro Meshino,2020-09-01,Man City,Rio Ave,0.0,Attack,Movimiento a Rio Ave
Ryotaro Meshino,2021-06-30,Rio Ave,Man City,0.0,Attack,Movimiento a Man City
Ryotaro Meshino,2021-08-02,Man City,Estoril,0.0,Attack,Movimiento a Estoril
Ryotaro Meshino,2022-06-30,Estoril,Man City,0.0,Attack,Movimiento a Man City
Ryotaro Meshino,2022-07-11,Man City,Gamba Osaka,0.0,Attack,Movimiento a Gamba Osaka
Rúben Dias,2020-09-29,Benfica,Man City,71600000.0,Defender,Movimiento a Man City
Safuwan Baharudin,2015-01-29,LionsXII,Melbourne City,0.0,Defender,Movimiento a Melbourne City
Safuwan Baharudin,2015-06-30,Melbourne City,LionsXII,0.0,Defender,Movimiento a LionsXII
Salvatore Sirigu,2006-07-01,Palermo U19,US Palermo,,Goalkeeper,Movimiento a US Palermo
Salvatore Sirigu,2007-07-12,US Palermo,Cremonese,0.0,Goalkeeper,Movimiento a Cremonese
Salvatore Sirigu,2008-06-30,Cremonese,US Palermo,0.0,Goalkeeper,Movimiento a US Palermo
Salvatore Sirigu,2008-07-01,US Palermo,Ancona,0.0,Goalkeeper,Movimiento a Ancona
Salvatore Sirigu,2009-06-30,Ancona,US Palermo,0.0,Goalkeeper,Movimiento a US Palermo
Salvatore Sirigu,2011-07-28,US Palermo,Paris SG,3900000.0,Goalkeeper,Movimiento a Paris SG
Samu Saiz,2019-07-18,Leeds,Girona,2500000.0,Midfield,Movimiento a Girona
Samu Saiz,2023-01-28,Girona,Sivasspor,0.0,Midfield,Movimiento a Sivasspor
Samuel Souprayen,2023-07-10,Botev Plovdiv,Melbourne City,0.0,Defender,Movimiento a Melbourne City
Samuel Souprayen,2026-07-01,Melbourne City,Without Club,,Defender,Movimiento a Without Club
Samuele Longo,2016-07-16,Inter,Girona,0.0,Attack,Movimiento a Girona
Samuele Longo,2017-06-30,Girona,Inter,0.0,Attack,Movimiento a Inter
Santiago Bueno,2019-08-19,Barcelona B,Girona,0.0,Defender,Movimiento a Girona
Santiago Bueno,2023-08-31,Girona,Wolves,12000000.0,Defender,Movimiento a Wolves
Savinho,2023-07-13,Troyes,Girona,0.0,Attack,Movimiento a Girona
Savinho,2024-06-30,Girona,Troyes,0.0,Attack,Movimiento a Troyes
Savinho,2024-07-18,Troyes,Man City,25000000.0,Attack,Movimiento a Man City
Scott Carson,2019-08-08,Derby,Man City,0.0,Goalkeeper,Movimiento a Man City
Scott Carson,2021-05-31,Man City,Derby,0.0,Goalkeeper,Movimiento a Derby
Scott Carson,2021-07-20,Derby,Man City,0.0,Goalkeeper,Movimiento a Man City
Scott Carson,2025-07-01,Man City,Without Club,,Goalkeeper,Movimiento a Without Club
Sebastian Esposito,2023-07-01,M. City U21,Melbourne City,,Defender,Movimiento a Melbourne City
Sebastian Esposito,2023-12-15,Melbourne City,Lecce U19,,Defender,Movimiento a Lecce U19
Sergio Gómez,2022-08-16,RSC Anderlecht,Man City,15000000.0,Defender,Movimiento a Man City
Sergio Gómez,2024-07-12,Man City,Real Sociedad,8700000.0,Defender,Movimiento a Real Sociedad
Seung-ho Paik,2019-07-01,CF Peralada,Girona,,Midfield,Movimiento a Girona
Seung-ho Paik,2019-08-31,Girona,Darmstadt 98,,Midfield,Movimiento a Darmstadt 98
Simon Graves,2023-01-30,Randers FC,Palermo,1400000.0,Defender,Movimiento a Palermo
Simon Graves,2024-08-21,Palermo,PEC Zwolle,0.0,Defender,Movimiento a PEC Zwolle
Simon Graves,2025-06-30,PEC Zwolle,Palermo,0.0,Defender,Movimiento a Palermo
Simon Graves,2025-07-01,Palermo,PEC Zwolle,600000.0,Defender,Movimiento a PEC Zwolle
Simon Kjær,2008-07-01,FC Midtjylland,US Palermo,4000000.0,Defender,Movimiento a US Palermo
Simon Kjær,2010-07-08,US Palermo,VfL Wolfsburg,12500000.0,Defender,Movimiento a VfL Wolfsburg
Simon Makienok,2014-08-30,Bröndby IF,US Palermo,2300000.0,Attack,Movimiento a US Palermo
Simon Makienok,2015-07-01,US Palermo,Charlton,0.0,Attack,Movimiento a Charlton
Simon Makienok,2016-06-30,Charlton,US Palermo,0.0,Attack,Movimiento a US Palermo
Simon Makienok,2016-07-01,US Palermo,Preston,0.0,Attack,Movimiento a Preston
Simon Makienok,2017-06-30,Preston,US Palermo,0.0,Attack,Movimiento a US Palermo
Simon Makienok,2017-07-01,US Palermo,FC Utrecht,,Attack,Movimiento a FC Utrecht
Slobodan Tedic,2020-01-01,Cukaricki,Man City,3000000.0,Attack,Movimiento a Man City
Slobodan Tedic,2020-01-14,Man City,Cukaricki,0.0,Attack,Movimiento a Cukaricki
Slobodan Tedic,2020-06-30,Cukaricki,Man City,0.0,Attack,Movimiento a Man City
Slobodan Tedic,2020-09-01,Man City,PEC Zwolle,0.0,Attack,Movimiento a PEC Zwolle
Slobodan Tedic,2022-06-30,PEC Zwolle,Man City,0.0,Attack,Movimiento a Man City
Slobodan Tedic,2022-08-04,Man City,Barnsley,0.0,Attack,Movimiento a Barnsley
Slobodan Tedic,2023-05-31,Barnsley,Man City,0.0,Attack,Movimiento a Man City
Slobodan Tedic,2023-09-01,Man City,Charlton,0.0,Attack,Movimiento a Charlton
Slobodan Tedic,2024-01-05,Charlton,Man City,0.0,Attack,Movimiento a Man City
Slobodan Tedic,2024-01-19,Man City,Cukaricki,0.0,Attack,Movimiento a Cukaricki
Stefan Colakovski,2020-02-01,M. City U21,Melbourne City,,Attack,Movimiento a Melbourne City
Stefan Colakovski,2022-07-01,Melbourne City,Perth Glory,0.0,Attack,Movimiento a Perth Glory
Stefan Ortega,2022-07-01,Arm. Bielefeld,Man City,0.0,Goalkeeper,Movimiento a Man City
Stefan Ortega,2026-02-01,Man City,Nott'm Forest,580000.0,Goalkeeper,Movimiento a Nott'm Forest
Stefan Savic,2011-07-06,Partizan,Man City,12000000.0,Defender,Movimiento a Man City
Stefan Savic,2012-08-31,Man City,Fiorentina,0.0,Defender,Movimiento a Fiorentina
Stefano Moreo,2018-01-11,Venezia,US Palermo,0.0,Attack,Movimiento a US Palermo
Stefano Moreo,2018-06-30,US Palermo,Venezia,0.0,Attack,Movimiento a Venezia
Stefano Moreo,2018-07-01,Venezia,US Palermo,1000000.0,Attack,Movimiento a US Palermo
Stefano Moreo,2019-07-18,Palermo,FC Empoli,0.0,Attack,Movimiento a FC Empoli
Stevan Jovetić,2013-07-19,Fiorentina,Man City,26000000.0,Attack,Movimiento a Man City
Stevan Jovetić,2015-07-31,Man City,Inter,0.0,Attack,Movimiento a Inter
Stevan Jovetić,2017-01-02,Inter,Man City,0.0,Attack,Movimiento a Man City
Stevan Jovetić,2017-01-03,Man City,Inter,13500000.0,Attack,Movimiento a Inter
Steven Ugarkovic,2023-07-01,Wellington,Melbourne City,0.0,Midfield,Movimiento a Melbourne City
Steven Ugarkovic,2025-07-01,Melbourne City,Western Sydney,0.0,Midfield,Movimiento a Western Sydney
Sverre Nypan,2025-07-17,Rosenborg BK,Man City,15000000.0,Midfield,Movimiento a Man City
Sverre Nypan,2025-08-19,Man City,Middlesbrough,0.0,Midfield,Movimiento a Middlesbrough
Sverre Nypan,2026-02-02,Middlesbrough,Man City,0.0,Midfield,Movimiento a Man City
Takeshi Kanamori,2025-08-07,Avispa Fukuoka,Melbourne City,0.0,Attack,Movimiento a Melbourne City
Taty Castellanos,2022-07-25,New York City,Girona,0.0,Attack,Movimiento a Girona
Taty Castellanos,2023-06-30,Girona,New York City,0.0,Attack,Movimiento a New York City
Taylor Harwood-Bellis,2021-01-01,Man City U23,Man City,,Defender,Movimiento a Man City
Taylor Harwood-Bellis,2021-02-01,Man City,Blackburn,0.0,Defender,Movimiento a Blackburn
Taylor Harwood-Bellis,2021-05-31,Blackburn,Man City,0.0,Defender,Movimiento a Man City
Taylor Harwood-Bellis,2021-07-01,Man City,RSC Anderlecht,0.0,Defender,Movimiento a RSC Anderlecht
Taylor Harwood-Bellis,2022-01-10,RSC Anderlecht,Man City,0.0,Defender,Movimiento a Man City
Taylor Harwood-Bellis,2022-01-11,Man City,Stoke City,0.0,Defender,Movimiento a Stoke City
Taylor Harwood-Bellis,2022-05-31,Stoke City,Man City,0.0,Defender,Movimiento a Man City
Taylor Harwood-Bellis,2022-07-01,Man City,Burnley,0.0,Defender,Movimiento a Burnley
Taylor Harwood-Bellis,2023-05-31,Burnley,Man City,0.0,Defender,Movimiento a Man City
Taylor Harwood-Bellis,2023-09-01,Man City,Southampton,0.0,Defender,Movimiento a Southampton
Taylor Harwood-Bellis,2024-05-31,Southampton,Man City,0.0,Defender,Movimiento a Man City
Taylor Harwood-Bellis,2024-07-01,Man City,Southampton,23000000.0,Defender,Movimiento a Southampton
Thomas Henry,2024-07-16,Hellas Verona,Palermo,0.0,Attack,Movimiento a Palermo
Thomas Henry,2025-06-30,Palermo,Hellas Verona,0.0,Attack,Movimiento a Hellas Verona
Thomas Lam,2022-08-16,CSKA-Sofia,Melbourne City,0.0,Defender,Movimiento a Melbourne City
Thomas Lam,2023-07-25,Melbourne City,PEC Zwolle,0.0,Defender,Movimiento a PEC Zwolle
Thomas Lemar,2025-07-30,Atlético,Girona,0.0,Midfield,Movimiento a Girona
Thomas Lemar,2026-06-30,Girona,Atlético,0.0,Midfield,Movimiento a Atlético
Tijjani Reijnders,2025-06-10,AC Milan,Man City,54900000.0,Midfield,Movimiento a Man City
Tolgay Arslan,2023-07-01,Udinese,Melbourne City,0.0,Midfield,Movimiento a Melbourne City
Tolgay Arslan,2024-07-22,Melbourne City,Sanf. Hiroshima,0.0,Midfield,Movimiento a Sanf. Hiroshima
Tom Glover,2019-08-06,Tottenham U23,Melbourne City,0.0,Goalkeeper,Movimiento a Melbourne City
Tom Glover,2023-07-07,Melbourne City,Middlesbrough,0.0,Goalkeeper,Movimiento a Middlesbrough
Tommaso Augello,2025-07-08,Cagliari,Palermo,0.0,Defender,Movimiento a Palermo
Tommy Doyle,2023-07-01,Man City U21,Man City,,Midfield,Movimiento a Man City
Tommy Doyle,2023-09-01,Man City,Wolves,0.0,Midfield,Movimiento a Wolves
Tommy Doyle,2024-05-31,Wolves,Man City,0.0,Midfield,Movimiento a Man City
Tommy Doyle,2024-07-01,Man City,Wolves,5000000.0,Midfield,Movimiento a Wolves
Toni Fuidias,2022-09-01,RM Castilla,Girona,0.0,Goalkeeper,Movimiento a Girona
Toni Fuidias,2024-07-10,Girona,FC Cartagena,0.0,Goalkeeper,Movimiento a FC Cartagena
Toni Fuidias,2025-06-30,FC Cartagena,Girona,0.0,Goalkeeper,Movimiento a Girona
Toni Villa,2022-09-01,Real Valladolid,Girona,0.0,Attack,Movimiento a Girona
Toni Villa,2024-08-27,Girona,SD Eibar,0.0,Attack,Movimiento a SD Eibar
Uros Djurdjevic,2015-08-18,Vitesse,US Palermo,0.0,Attack,Movimiento a US Palermo
Uros Djurdjevic,2016-08-22,US Palermo,Partizan,0.0,Attack,Movimiento a Partizan
Valery Fernández,2019-01-01,CF Peralada,Girona,,Attack,Movimiento a Girona
Valery Fernández,2024-08-30,Girona,RCD Mallorca,0.0,Attack,Movimiento a RCD Mallorca
Valery Fernández,2025-06-30,RCD Mallorca,Girona,0.0,Attack,Movimiento a Girona
Valery Fernández,2025-08-08,Girona,Real Zaragoza,0.0,Attack,Movimiento a Real Zaragoza
Valon Berisha,2022-09-07,Stade Reims,Melbourne City,0.0,Midfield,Movimiento a Melbourne City
Valon Berisha,2023-06-30,Melbourne City,Stade Reims,0.0,Midfield,Movimiento a Stade Reims
Viktor Tsygankov,2023-01-17,Dynamo Kyiv,Girona,5000000.0,Attack,Movimiento a Girona
Vitor Reis,2025-01-21,Palmeiras,Man City,37000000.0,Defender,Movimiento a Man City
Vitor Reis,2025-08-08,Man City,Girona,0.0,Defender,Movimiento a Girona
Vitor Reis,2026-06-30,Girona,Man City,0.0,Defender,Movimiento a Man City
Vladyslav Krapyvtsov,2025-01-01,Without Club,Girona,,Goalkeeper,Movimiento a Girona
Vladyslav Vanat,2025-09-01,Dynamo Kyiv,Girona,15000000.0,Attack,Movimiento a Girona
Yan Couto,2020-07-01,Coritiba FC,Man City,6000000.0,Defender,Movimiento a Man City
Yan Couto,2020-09-25,Man City,Girona,0.0,Defender,Movimiento a Girona
Yan Couto,2021-06-30,Girona,Man City,0.0,Defender,Movimiento a Man City
Yan Couto,2021-08-21,Man City,Braga,0.0,Defender,Movimiento a Braga
Yan Couto,2022-06-30,Braga,Man City,0.0,Defender,Movimiento a Man City
Yan Couto,2022-07-25,Man City,Girona,0.0,Defender,Movimiento a Girona
Yan Couto,2024-06-30,Girona,Man City,0.0,Defender,Movimiento a Man City
Yan Couto,2024-08-03,Man City,Dortmund,0.0,Defender,Movimiento a Dortmund
Yan Couto,2025-06-30,Dortmund,Man City,0.0,Defender,Movimiento a Man City
Yan Couto,2025-07-01,Man City,Dortmund,20000000.0,Defender,Movimiento a Dortmund
Yangel Herrera,2017-02-01,Atl. Venezuela,Man City,1000000.0,Midfield,Movimiento a Man City
Yangel Herrera,2017-02-09,Man City,New York City,0.0,Midfield,Movimiento a New York City
Yangel Herrera,2018-12-31,New York City,Man City,0.0,Midfield,Movimiento a Man City
Yangel Herrera,2019-01-16,Man City,SD Huesca,0.0,Midfield,Movimiento a SD Huesca
Yangel Herrera,2019-06-30,SD Huesca,Man City,0.0,Midfield,Movimiento a Man City
Yangel Herrera,2019-07-26,Man City,Granada CF,0.0,Midfield,Movimiento a Granada CF
Yangel Herrera,2021-06-30,Granada CF,Man City,0.0,Midfield,Movimiento a Man City
Yangel Herrera,2021-08-31,Man City,Espanyol,0.0,Midfield,Movimiento a Espanyol
Yangel Herrera,2022-06-30,Espanyol,Man City,0.0,Midfield,Movimiento a Man City
Yangel Herrera,2022-08-02,Man City,Girona,0.0,Midfield,Movimiento a Girona
Yangel Herrera,2023-06-30,Girona,Man City,0.0,Midfield,Movimiento a Man City
Yangel Herrera,2023-07-14,Man City,Girona,5000000.0,Midfield,Movimiento a Girona
Yangel Herrera,2025-09-01,Girona,Real Sociedad,11000000.0,Midfield,Movimiento a Real Sociedad
Yassine Bounou,2016-07-12,Atlético,Girona,,Goalkeeper,Movimiento a Girona
Yassine Bounou,2019-09-02,Girona,Sevilla FC,0.0,Goalkeeper,Movimiento a Sevilla FC
Yassine Bounou,2020-08-22,Sevilla FC,Girona,0.0,Goalkeeper,Movimiento a Girona
Yassine Bounou,2020-09-04,Girona,Sevilla FC,4000000.0,Goalkeeper,Movimiento a Sevilla FC
Yaya Dukuly,2019-09-09,M. City U21,Melbourne City,,Attack,Movimiento a Melbourne City
Yaya Dukuly,2020-10-28,Melbourne City,Adelaide United,0.0,Attack,Movimiento a Adelaide United
Yhoan Andzouana,2019-07-01,CF Peralada,Girona,,Defender,Movimiento a Girona
Yhoan Andzouana,2019-09-02,Girona,KSV Roeselare,0.0,Defender,Movimiento a KSV Roeselare
Yoel Bárcenas,2020-10-05,Club Tijuana,Girona,0.0,Attack,Movimiento a Girona
Yoel Bárcenas,2021-06-30,Girona,Club Tijuana,0.0,Attack,Movimiento a Club Tijuana
Yáser Asprilla,2024-08-23,Watford,Girona,18000000.0,Attack,Movimiento a Girona
Yáser Asprilla,2026-01-25,Girona,Galatasaray,0.0,Attack,Movimiento a Galatasaray
Yáser Asprilla,2026-06-30,Galatasaray,Girona,0.0,Attack,Movimiento a Girona
Zack Steffen,2019-07-09,Columbus Crew,Man City,6820000.0,Goalkeeper,Movimiento a Man City
Zack Steffen,2019-07-10,Man City,F. Düsseldorf,0.0,Goalkeeper,Movimiento a F. Düsseldorf
Zack Steffen,2020-06-30,F. Düsseldorf,Man City,0.0,Goalkeeper,Movimiento a Man City
Zack Steffen,2022-07-19,Man City,Middlesbrough,0.0,Goalkeeper,Movimiento a Middlesbrough
Zack Steffen,2023-05-31,Middlesbrough,Man City,0.0,Goalkeeper,Movimiento a Man City
Zack Steffen,2024-01-31,Man City,Colorado,0.0,Goalkeeper,Movimiento a Colorado
Zane Schreiber,2023-07-01,Sydney FC II,Melbourne City,0.0,Midfield,Movimiento a Melbourne City
Zane Schreiber,2026-07-01,Melbourne City,Without Club,,Midfield,Movimiento a Without Club
Álex Baena,2021-08-19,Villarreal,Girona,0.0,Attack,Movimiento a Girona
Álex Baena,2022-06-30,Girona,Villarreal,0.0,Attack,Movimiento a Villarreal
Álex Moreno,2025-08-22,Aston Villa,Girona,0.0,Defender,Movimiento a Girona
Álex Sala,2022-07-11,Girona FC B,Girona,,Midfield,Movimiento a Girona
Álex Sala,2022-08-29,Girona,CE Sabadell,0.0,Midfield,Movimiento a CE Sabadell
Álex Sala,2023-06-30,CE Sabadell,Girona,0.0,Midfield,Movimiento a Girona
Álex Sala,2023-07-11,Girona,Córdoba CF,0.0,Midfield,Movimiento a Córdoba CF
Álex Sala,2024-06-30,Córdoba CF,Girona,0.0,Midfield,Movimiento a Girona
Álex Sala,2024-07-02,Girona,Córdoba CF,500000.0,Midfield,Movimiento a Córdoba CF
Álvaro Negredo,2013-07-17,Sevilla FC,Man City,25000000.0,Attack,Movimiento a Man City
Álvaro Negredo,2014-09-01,Man City,Valencia,0.0,Attack,Movimiento a Valencia
Álvaro Negredo,2015-06-30,Valencia,Man City,0.0,Attack,Movimiento a Man City
Álvaro Negredo,2015-07-01,Man City,Valencia,28000000.0,Attack,Movimiento a Valencia
Óscar Ureña,2022-07-01,Girona FC B,Girona,,Attack,Movimiento a Girona
Óscar Ureña,2023-01-16,Girona,FC Cartagena,0.0,Attack,Movimiento a FC Cartagena
Óscar Ureña,2023-06-30,FC Cartagena,Girona,0.0,Attack,Movimiento a Girona
Óscar Ureña,2023-08-14,Girona,CD Leganés,0.0,Attack,Movimiento a CD Leganés
Óscar Ureña,2024-06-30,CD Leganés,Girona,0.0,Attack,Movimiento a Girona
Óscar Ureña,2024-08-19,Girona,Barça Atlètic,0.0,Attack,Movimiento a Barça Atlètic
İlkay Gündoğan,2016-07-01,Dortmund,Man City,27000000.0,Midfield,Movimiento a Man City
İlkay Gündoğan,2023-07-01,Man City,Barcelona,0.0,Midfield,Movimiento a Barcelona
İlkay Gündoğan,2024-08-23,Barcelona,Man City,0.0,Midfield,Movimiento a Man City
İlkay Gündoğan,2025-09-02,Man City,Galatasaray,0.0,Midfield,Movimiento a Galatasaray
